,CNTSCHID,PRIVATESCH,SCHLTYPE,STRATIO,SCHSIZE,RATCMP1,RATCMP2,TOTAT,PROATCE,PROAT5AB,PROAT5AM,PROAT6,CLSIZE,CREACTIV,EDUSHORT,STAFFSHORT,STUBEHA,TEACHBEHA,SCMCEG,W_SCHGRNRABWT,W_FSTUWT_SCH_SUM
0,3200001.0,public,3.0,10.6542,570.0,0.2459,1.0,53.5,1.0,0.8411,0.1589,0.0093,33.0,0.0,1.0283,-0.5869,-0.9505,-2.0409,0.9042,25.19752,2232.21732
1,3200002.0,private,3.0,14.6353,622.0,0.3333,1.0,42.5,1.0,0.8235,0.1765,0.0588,53.0,1.0,-0.6884,-1.4551,-0.3856,-0.9138,0.1329,2.74044,280.92983
2,3200003.0,public,3.0,1.8667,56.0,0.0667,1.0,30.0,0.0,0.9333,0.0667,0.0,13.0,1.0,1.2478,-1.4551,-1.0431,-2.0409,0.9042,177.1978,1205.45137
3,3200004.0,public,3.0,39.0,39.0,,,1.0,1.0,1.0,0.0,0.0,,,0.0574,0.21,-0.9505,-1.2356,0.9042,346.38221,353.90292
4,3200005.0,private,2.0,10.7333,322.0,0.2381,1.0,30.0,1.0,,,,28.0,2.0,-1.4212,-1.4551,-0.4515,-0.5488,-0.2798,54.98917,2443.10519
5,3200006.0,private,1.0,6.6667,350.0,1.3333,1.0,52.5,1.0,0.9238,0.0762,0.0,43.0,0.0,-0.9432,-0.7828,0.1273,0.9054,-1.0542,66.20521,3059.06468
6,3200007.0,public,3.0,10.0588,171.0,0.4,0.0,17.0,1.0,0.4118,0.5882,0.0,23.0,2.0,0.1,-0.4313,0.4349,-0.1274,0.9042,18.43366,371.70612
7,3200008.0,private,2.0,15.2,228.0,0.6053,1.0,15.0,1.0,0.4,0.6,,33.0,2.0,-1.4212,-1.4551,-0.2686,-0.4289,0.9042,18.31102,685.25608
8,3200009.0,public,3.0,6.2,775.0,0.2251,0.0,125.0,0.12,0.88,1.0,0.76,28.0,2.0,1.6863,0.5795,-0.0956,0.9429,0.1571,3.10291,425.61952
9,3200010.0,public,3.0,1.75,560.0,0.7826,0.0,320.0,1.0,0.9375,0.0625,0.0,53.0,2.0,1.22,0.028,-0.6033,-0.8166,0.3009,38.11125,2684.92357
10,3200011.0,public,3.0,,,,,,,,,,,,,,,,,2.86725,342.33676
11,3200012.0,private,2.0,4.7727,105.0,0.4615,1.0,22.0,1.0,0.3182,0.6818,0.0,,2.0,0.633,-0.1776,-0.3684,-0.5079,0.9042,185.39206,1310.88087
12,3200013.0,public,3.0,,492.0,0.0889,1.0,,,,,,18.0,1.0,0.1,-0.0879,-0.079,0.9028,-2.3839,6.12196,436.02302
13,3200014.0,public,3.0,7.3381,510.0,1.0526,1.0,69.5,1.0,0.1511,0.8489,0.1151,28.0,3.0,-1.4212,-0.1776,1.1262,0.9028,0.9042,9.62952,656.98558
14,3200015.0,public,3.0,16.3717,925.0,0.1961,0.0,56.5,0.0796,0.8761,0.0442,,53.0,2.0,-0.3123,1.1514,,,0.9042,16.94758,2722.61821
15,3200016.0,public,3.0,5.6209,1186.0,0.7937,,211.0,0.5569,0.2512,0.2773,0.0118,18.0,0.0,0.6606,-0.614,0.9714,1.1913,0.9042,1.81938,292.37643
16,3200017.0,public,3.0,3.5333,212.0,0.4,1.0,60.0,1.0,0.0,1.0,0.1667,28.0,0.0,-0.2376,-1.4551,1.4565,0.5642,-1.0542,18.43366,530.63377
17,3200018.0,private,2.0,12.0164,733.0,0.2697,1.0,61.0,1.0,0.0492,0.7213,0.0492,53.0,3.0,-1.4212,0.21,1.7012,1.3713,-1.575,29.91359,3671.70713
18,3200019.0,private,1.0,11.4231,297.0,0.42,1.0,26.0,0.6346,0.1923,0.7692,0.0769,48.0,3.0,-0.0703,-1.4551,0.642,0.2397,0.9042,7.05519,359.11123
19,3200020.0,public,3.0,3.9256,1531.0,0.2353,0.0,390.0,,,,,33.0,0.0,0.1,1.3405,0.6886,1.4533,-0.1661,1.9196,290.06129
20,3200021.0,public,3.0,12.08,453.0,0.7299,0.0,37.5,0.1333,0.76,0.0,0.0,23.0,2.0,0.9868,2.8705,0.0622,1.6107,0.9042,4.41101,398.8894
21,3200022.0,private,2.0,14.8462,386.0,0.5781,1.0,26.0,0.0,0.3846,0.5769,0.0385,53.0,0.0,1.2478,0.6676,-0.335,-0.2885,0.9042,9.42479,581.16098
22,3200023.0,public,3.0,8.3171,341.0,0.0,,41.0,1.0,1.0,0.0,0.0,,2.0,0.0686,-0.0879,0.0923,0.5551,-1.0542,52.56724,2235.44824
23,3200024.0,public,3.0,5.3385,347.0,0.0577,1.0,65.0,1.0,1.0,0.0,0.0154,53.0,1.0,2.1432,-0.3163,0.747,1.2271,-0.4859,86.13782,3181.40214
24,3200025.0,public,3.0,3.7867,284.0,0.2759,1.0,75.0,1.0,1.0,0.9333,0.0,18.0,2.0,,,1.1783,-0.5582,-0.3214,58.32415,2097.24281
25,3200026.0,public,3.0,7.12,534.0,0.0568,0.0,75.0,1.0,0.9133,0.0667,0.02,53.0,0.0,0.8339,1.0744,0.4282,0.3085,-1.3732,22.75299,1383.45333
26,3200027.0,private,2.0,16.5315,1182.0,0.1042,1.0,71.5,1.0,0.8322,0.1678,0.035,38.0,3.0,-1.4212,-0.7828,-0.1522,-0.1662,0.9042,16.91111,2830.90026
27,3200028.0,public,3.0,1.0,46.0,,,50.0,1.0,1.0,0.0,0.0,43.0,0.0,0.7566,,0.5641,0.1875,-0.6263,18.14814,154.87474
28,3200029.0,public,3.0,,,,1.0,80.0,,0.625,0.375,0.0938,53.0,0.0,-0.949,0.355,0.1795,0.8378,-1.4469,4.31453,516.65499
29,3200030.0,public,3.0,7.5294,64.0,0.0,,8.5,1.0,1.0,0.0588,0.0,13.0,2.0,-0.4907,0.2964,1.0678,0.7185,-0.1868,18.14814,205.4517
30,3200031.0,private,2.0,8.5818,236.0,0.3556,1.0,27.5,1.0,0.5455,0.0182,0.0909,43.0,1.0,-1.4212,-0.5869,0.0921,0.5672,0.9042,18.31102,755.7735
31,3200032.0,private,2.0,,150.0,0.6452,1.0,,,,,,33.0,1.0,-1.4212,-1.4551,-2.0719,-2.0409,0.9042,13.40422,503.85026
32,3200033.0,private,2.0,22.4444,303.0,0.0,,13.5,1.0,1.0,0.9259,0.2593,28.0,0.0,0.6635,-1.4551,1.7012,2.4453,-2.6799,177.80827,1233.9051
33,3200034.0,private,1.0,4.6286,162.0,1.75,1.0,35.0,1.0,0.5857,0.3,0.0286,28.0,1.0,-1.4212,-1.4551,-2.0719,-0.7733,0.9042,13.40422,345.78764
34,3200035.0,public,3.0,,,,0.0,153.5,1.0,0.6515,0.3257,0.0228,33.0,3.0,1.6863,2.0786,1.1315,1.1913,-1.0542,4.4854,204.83952
35,3200036.0,private,1.0,14.1455,389.0,1.1765,1.0,27.5,1.0,0.0909,0.9091,0.0909,53.0,1.0,-1.4212,-1.4551,-1.4335,-0.1662,0.9042,3.76811,188.40557
36,3200037.0,public,3.0,4.6598,452.0,0.375,1.0,97.0,1.0,,,,53.0,0.0,,,1.4424,1.9464,-0.873,44.24591,4119.28909
37,3200038.0,public,3.0,13.8624,1310.0,0.1674,0.125,94.5,1.0,0.5026,0.4974,0.1323,53.0,2.0,1.6863,0.2765,-0.7293,-0.4697,0.9042,9.46359,2213.18786
38,3200039.0,private,2.0,,,,,31.0,1.0,0.6452,0.129,0.0323,23.0,2.0,0.4698,0.6045,-0.9505,0.2266,0.3009,78.63,2651.72897
39,3200041.0,private,2.0,27.6296,746.0,0.1681,1.0,27.0,1.0,0.8889,0.1111,0.0,38.0,0.0,0.8006,1.0744,-0.3856,1.6299,0.3009,36.04846,3985.03579
40,3200042.0,private,2.0,4.4681,210.0,0.3636,0.3333,47.0,1.0,0.5532,0.4468,0.0,33.0,2.0,-0.2692,-0.614,-0.0384,-0.1274,0.9042,18.31102,557.74145
41,3200043.0,private,2.0,11.7407,317.0,0.431,1.0,27.0,1.0,0.6296,0.2963,0.0741,28.0,2.0,1.9315,-0.0719,-0.7993,-0.1662,0.3009,29.12733,1702.72552
42,3200044.0,public,3.0,13.9877,1140.0,1.0,1.0,81.5,1.0,0.7362,0.2025,0.0613,53.0,2.0,0.0686,0.5116,0.906,0.9028,0.287,14.36944,2978.94387
43,3200045.0,public,3.0,4.39,439.0,0.3232,0.0,100.0,1.0,0.8,0.2,0.075,53.0,1.0,2.9595,1.8453,0.9103,1.4554,-0.3006,4.92419,358.9079
44,3200046.0,private,2.0,9.5778,431.0,0.1928,1.0,45.0,1.0,0.1556,0.8444,0.1333,53.0,0.0,2.1861,0.7558,-0.3925,-0.8267,-0.6263,31.76372,2390.0423
45,3200047.0,public,3.0,1.456,91.0,1.0,0.0,62.5,1.0,0.936,0.032,0.208,18.0,1.0,-0.2376,-0.7828,1.2544,-0.8302,0.9042,88.5989,374.27766
46,3200048.0,public,3.0,5.6471,240.0,0.0,,42.5,0.0,0.8235,0.1765,0.0,38.0,0.0,-0.3123,0.6924,0.3894,0.3498,-0.1661,6.2273,218.24377
47,3200049.0,public,3.0,,,,,,,,,,,,,,,,,3.40621,358.45643
48,3200050.0,private,2.0,8.4,147.0,0.1481,1.0,17.5,1.0,0.8857,0.0571,0.0,23.0,1.0,0.4997,0.2765,-0.4515,-0.1274,-2.436,18.31102,500.01114
49,3200051.0,public,3.0,12.5333,376.0,0.0,,30.0,1.0,0.3667,0.6333,0.0,18.0,1.0,0.1423,-1.4551,0.1945,0.5642,-2.6882,5.04115,273.67177
50,3200052.0,public,3.0,8.449,207.0,0.5714,0.0,24.5,1.0,0.7755,0.2245,0.0,33.0,0.0,0.5994,0.2964,0.214,-0.2885,-0.8439,7.74616,271.677
51,3200053.0,public,3.0,14.35,861.0,0.25,0.0,60.0,1.0,0.1667,0.1917,0.0417,53.0,1.0,1.529,0.2633,0.3762,1.6299,0.9042,11.80278,1941.71479
52,3200054.0,private,,16.6909,459.0,0.1343,1.0,27.5,1.0,,1.0,0.0364,38.0,1.0,-0.2376,-0.614,0.6121,0.2266,-1.0542,4.87638,160.35341
53,3200055.0,private,1.0,7.25,232.0,0.4688,1.0,32.0,1.0,0.2188,0.7813,0.0,23.0,2.0,-0.6483,-1.4551,-0.5078,-1.2356,0.9042,18.31102,568.73902
54,3200056.0,public,3.0,15.3333,1219.0,0.9649,0.1091,79.5,1.0,0.7987,0.2013,0.0,28.0,3.0,-0.113,1.3405,1.6675,1.6842,0.1571,12.16817,3559.35156
55,3200057.0,public,3.0,5.4054,100.0,1.0,0.0,18.5,0.1622,0.1622,0.0541,0.0,18.0,2.0,1.6863,0.4487,1.2098,0.6015,-1.0542,18.43366,420.77244
56,3200058.0,public,3.0,9.5977,835.0,0.4571,1.0,87.0,1.0,1.0,0.1437,0.0287,33.0,1.0,1.2478,-0.3163,1.3545,1.6299,-0.6385,3.68673,486.37285
57,3200059.0,private,2.0,,,,,,,,,,,3.0,0.2759,0.122,1.1262,-0.2079,-0.5083,2.30273,386.56989
58,3200060.0,public,3.0,5.5556,550.0,0.0833,1.0,99.0,1.0,0.8636,0.1364,0.0,18.0,1.0,0.8006,2.4651,1.9569,2.2703,-0.497,4.08131,342.50997
59,3200061.0,private,,,,,,,,,,,,,,,,,,33.82223,3266.50478
60,3200062.0,private,2.0,14.1837,695.0,0.3371,1.0,49.0,1.0,0.8163,0.1837,0.0816,33.0,3.0,-0.6884,0.0131,0.8153,0.3085,0.9042,3.04214,206.71019
61,3200063.0,public,3.0,4.3077,896.0,0.1504,1.0,208.0,1.0,0.8942,0.101,0.0048,33.0,1.0,1.2478,1.2579,0.3762,1.6299,-1.0693,14.19538,2612.04637
62,3200065.0,public,3.0,11.4308,1486.0,5.0,0.0,130.0,1.0,,,,28.0,0.0,2.4611,1.8628,1.2742,0.7958,-1.0542,2.10326,283.80315
63,3200066.0,public,3.0,4.2519,1114.0,0.1863,1.0,262.0,1.0,0.7824,0.0305,0.0115,53.0,1.0,0.4399,0.1964,-0.9505,-0.0452,0.9042,17.82982,2856.26706
64,3200067.0,public,3.0,11.9785,557.0,0.3008,0.0,46.5,1.0,0.914,0.086,0.0,53.0,1.0,-0.2264,-0.0719,0.1447,-0.4289,-1.9458,24.23027,1707.47738
65,3200068.0,private,1.0,6.3137,161.0,0.3448,1.0,25.5,1.0,0.7059,0.2941,0.1765,33.0,2.0,0.8339,-1.4551,-1.4335,-0.7733,-0.3006,18.31102,555.49792
66,3200069.0,private,2.0,16.1034,467.0,,,29.0,0.0,0.4828,0.4828,0.0345,53.0,2.0,-1.4212,-0.5869,-0.8074,0.2397,0.3009,8.01107,538.90275
67,3200070.0,private,1.0,5.2813,169.0,0.2388,1.0,32.0,,0.75,0.25,,23.0,3.0,-1.4212,-1.4551,1.0207,0.2397,-1.0542,18.31102,453.78251
68,3200071.0,private,2.0,12.4138,360.0,0.1905,1.0,29.0,1.0,0.2586,0.7414,0.2069,33.0,1.0,0.4591,-0.1953,0.718,0.7287,0.9042,46.64492,2666.06208
69,3200072.0,public,3.0,2.1778,98.0,,,45.0,0.2889,0.2,0.3778,0.3333,18.0,2.0,2.9595,0.0193,-2.0719,0.5986,0.9042,177.1978,2691.92233
70,3200073.0,private,1.0,12.1667,292.0,0.5106,1.0,24.0,0.8958,0.5208,0.375,0.0417,48.0,0.0,-0.2488,-0.1776,-2.0719,-0.4289,-1.6908,16.43297,788.78242
71,3200074.0,public,3.0,11.2444,506.0,0.3544,0.5357,45.0,0.8667,0.8667,0.1333,0.0,38.0,1.0,-1.4212,-1.4551,-0.2509,0.5642,0.1329,49.91487,3372.24497
72,3200075.0,public,3.0,,,,1.0,139.0,0.7194,0.1079,0.0719,0.0719,53.0,2.0,1.2478,2.0884,-1.173,1.1913,0.9042,5.88345,519.23398
73,3200076.0,public,3.0,8.3407,563.0,1.0588,1.0,67.5,1.0,0.8519,0.1481,0.0,53.0,0.0,-1.4212,-0.2968,-1.3196,0.5642,0.9042,33.7061,2644.56909
74,3200077.0,private,,,,,1.0,50.0,,,0.6,0.0,28.0,2.0,-0.4941,-1.4551,-1.3196,-0.5079,-1.0542,14.56558,568.34945
75,3200078.0,public,3.0,16.5484,513.0,0.0156,0.0,31.0,1.0,0.9516,0.9516,0.0,28.0,0.0,-0.2376,-0.2968,-0.0871,1.6842,0.1329,24.03475,1654.95366
76,3200079.0,public,3.0,11.5214,674.0,0.0594,0.1667,58.5,1.0,0.7179,0.265,0.0171,23.0,3.0,0.7889,0.9861,0.8153,0.5642,-0.6263,2.81055,271.87205
77,3200080.0,private,2.0,,487.0,0.6304,1.0,,,,,,,2.0,-0.2376,-0.7828,1.0148,0.2266,0.9042,5.21275,460.80728
78,3200081.0,public,3.0,11.9714,419.0,0.3488,0.0,35.0,1.0,0.6571,0.3429,0.0,13.0,1.0,1.2478,1.9609,1.1674,1.3735,0.9042,3.65049,241.94275
79,3200082.0,public,3.0,4.275,171.0,,,40.0,1.0,0.05,0.95,0.05,23.0,1.0,1.2048,,0.8273,-0.2079,0.1329,88.5989,1761.15256
80,3200083.0,public,3.0,8.4151,223.0,0.15,0.0,26.5,1.0,0.4906,0.4151,0.0189,38.0,1.0,1.2478,-1.4551,-0.0155,0.2266,0.9042,15.36138,445.45634
81,3200084.0,public,3.0,,,,0.0,32.0,1.0,0.7813,0.2344,0.0469,33.0,3.0,0.0574,0.1077,0.3037,0.8952,-0.3006,7.68069,306.24539
82,3200085.0,public,3.0,5.5,187.0,0.0,,34.0,1.0,0.9118,0.0882,0.0,33.0,0.0,0.7681,0.028,1.2502,0.1875,0.9042,9.07407,342.61459
83,3200086.0,public,3.0,,380.0,0.3385,0.4545,,,,,,18.0,3.0,0.6191,0.4487,1.9573,1.3648,-4.0518,7.07852,614.68216
84,3200087.0,public,3.0,,,,0.1667,265.0,1.0,0.7717,0.1849,0.0811,53.0,1.0,2.1815,1.5683,3.441,0.9054,0.9042,1.3728,493.52634
85,3200088.0,public,3.0,6.7333,202.0,0.0,,30.0,,,0.0,0.0,48.0,2.0,2.9595,0.8439,1.2848,1.1035,-0.6263,87.11143,2085.79789
86,3200089.0,public,3.0,3.4937,1380.0,0.1261,0.5,395.0,1.0,1.0,0.038,,53.0,0.0,1.4743,0.122,1.1262,0.8952,0.9042,16.48054,3416.38589
87,3200090.0,private,2.0,9.8734,390.0,0.0,,39.5,1.0,0.8608,0.1392,0.0633,53.0,0.0,1.2478,0.4487,0.3442,0.5551,0.287,48.61945,3193.10379
88,3200091.0,public,3.0,8.5333,768.0,0.4779,0.0,90.0,1.0,0.6944,0.1667,0.1167,23.0,2.0,2.9595,0.6045,0.4279,1.1913,-0.061,3.48481,481.88141
89,3200092.0,public,3.0,10.768,673.0,0.1212,1.0,62.5,1.0,0.0,1.0,0.24,28.0,2.0,0.265,0.2633,0.8942,0.5551,-1.0086,5.00138,436.42738
90,3200093.0,public,3.0,8.44,422.0,0.2273,0.0,50.0,1.0,0.5,0.3,0.2,53.0,1.0,0.8802,-0.5869,-0.4515,0.5642,0.9042,9.92582,567.9614
91,3200094.0,private,2.0,6.1404,175.0,0.0,,28.5,1.0,1.0,0.0,0.0351,28.0,1.0,2.9595,0.531,1.5616,1.1337,0.9042,76.56327,1505.1026
92,3200095.0,public,3.0,,940.0,0.026,0.0,,,,,,23.0,3.0,0.6083,0.1893,-1.0431,-0.2472,-1.585,2.7793,512.35982
93,3200096.0,public,3.0,3.1714,111.0,,,35.0,0.9,0.3571,0.1143,0.0,28.0,1.0,-0.6884,-0.0879,0.2967,0.2266,-0.5083,163.40109,2745.00103
94,3200097.0,public,3.0,13.7857,193.0,1.0,1.0,14.0,1.0,,,0.1429,18.0,2.0,0.8339,1.2805,0.4333,-0.1662,0.9042,72.55417,3040.26881
95,3200098.0,private,2.0,5.6364,310.0,0.0189,1.0,55.0,1.0,0.8182,0.1818,0.0,53.0,0.0,-1.4212,-1.4551,-0.9505,-0.8267,0.9042,66.21145,3275.11575
96,3200099.0,public,3.0,15.25,610.0,0.0,,40.0,1.0,0.6625,0.3375,0.0,28.0,3.0,0.6299,-0.0719,0.0239,1.3735,-0.3006,2.10326,236.63116
97,3200100.0,private,3.0,17.8571,625.0,0.3524,1.0,35.0,1.0,0.0571,0.9429,0.0714,53.0,2.0,-0.0703,-0.7828,-2.0719,-1.2225,0.9042,2.67414,286.75825
98,3200101.0,public,3.0,,1500.0,0.1523,0.3333,,,,,,28.0,0.0,0.1,1.776,1.524,2.1689,-0.6263,1.57224,250.25065
99,3200102.0,public,3.0,10.4299,558.0,,,53.5,0.0,0.0,0.0,0.0,53.0,1.0,-0.6884,-0.0879,1.427,0.1875,0.9042,22.91184,1384.72309
100,3200103.0,private,1.0,12.1724,353.0,0.1111,1.0,29.0,,,,,43.0,0.0,0.1312,-1.4551,0.2351,-0.1662,0.9042,12.81771,567.50577
101,3200104.0,public,3.0,,,,,60.0,1.0,0.8333,0.1667,0.0,38.0,1.0,-0.3123,-0.4314,0.4333,0.5642,-1.9458,12.8105,1902.82416
102,3200105.0,public,3.0,7.2625,581.0,0.3333,0.0,80.0,1.0,0.875,0.125,0.0,33.0,2.0,0.8006,0.2964,0.6532,-0.5488,0.9042,5.45814,437.23682
103,3200106.0,public,3.0,,,,,9.0,,0.6667,0.2222,0.0,13.0,1.0,0.7566,0.1964,-0.9505,1.2182,-0.7968,173.19111,1411.07931
104,3200107.0,public,3.0,1.3333,8.0,,,6.0,0.8333,0.75,0.0833,,28.0,0.0,0.5994,-0.1776,-0.9505,0.8064,0.3009,326.80218,827.50232
105,3200108.0,public,3.0,,,,0.0,20.0,0.0,1.0,0.0,0.0,13.0,0.0,0.265,1.0597,-0.6744,-0.0842,0.3009,346.38221,439.98828
106,3200109.0,private,2.0,20.4211,388.0,0.3372,1.0,19.0,1.0,0.5263,0.2368,0.2368,43.0,1.0,-1.4212,-1.4551,-2.0719,0.5761,0.9042,38.30352,3539.11948
107,3200110.0,private,2.0,12.4478,417.0,0.338,1.0,33.5,,,,0.0896,53.0,3.0,1.2478,-0.614,-1.2653,0.6015,-0.6263,8.54514,625.05117
108,3200111.0,public,3.0,3.4041,497.0,1.0,0.8889,146.0,1.0,0.4623,0.274,0.1199,23.0,2.0,-1.4212,-1.4551,-1.1232,0.2266,0.9042,4.67036,283.29552
109,3200112.0,private,2.0,9.0714,381.0,,,42.0,1.0,0.0714,0.9286,0.0,53.0,0.0,0.6606,-1.4551,-1.528,-0.1662,0.9042,9.71039,594.27582
110,3200113.0,public,3.0,27.5,330.0,,1.0,12.0,1.0,0.75,0.25,,28.0,2.0,1.6863,,0.0239,-0.4289,-0.651,65.88792,2245.64588
111,3200114.0,private,1.0,9.5082,290.0,0.625,1.0,30.5,1.0,0.5082,0.4918,0.3279,53.0,3.0,-0.2376,-0.3265,-0.2513,1.1035,0.9042,7.5669,446.80404
112,3200115.0,private,1.0,18.2985,613.0,0.3333,1.0,33.5,1.0,0.7015,0.2836,0.0149,43.0,0.0,-1.4212,-1.4551,-0.7293,0.0104,0.9042,30.21014,3277.53397
113,3200116.0,public,3.0,13.4043,315.0,4.6667,0.0,23.5,,,0.0851,0.0,53.0,1.0,-0.3123,0.1061,1.2744,0.9659,-1.5648,37.76889,1521.59707
114,3200117.0,public,3.0,14.6296,395.0,0.1333,0.0,27.0,1.0,1.0,0.0556,0.1852,28.0,2.0,1.7368,0.531,0.8944,1.1035,-0.1661,28.85853,2119.77475
115,3200118.0,private,2.0,19.5333,293.0,0.4918,1.0,15.0,1.0,0.5,0.3333,0.1667,28.0,0.0,-0.2805,-0.2968,0.3889,0.23,-1.5648,8.08875,476.91588
116,3200119.0,private,2.0,6.0435,278.0,0.8,1.0,46.0,0.0,0.5,0.5,0.0,53.0,1.0,-1.4212,-1.4551,0.0464,0.3214,0.9042,46.78496,2668.25888
117,3200120.0,public,3.0,6.5429,687.0,0.4545,0.8,105.0,,0.2143,0.2381,0.3571,23.0,1.0,0.4292,1.8544,1.4462,2.5251,-2.1866,6.7206,563.83236
118,3200121.0,public,3.0,6.7092,473.0,0.5,1.0,70.5,0.9858,0.9007,0.0993,0.0,28.0,3.0,2.4611,0.9088,0.0921,1.4255,0.287,6.79135,494.53794
119,3200122.0,public,3.0,6.1111,275.0,1.0,,45.0,0.0889,0.8444,0.0667,,18.0,1.0,-1.4212,0.0055,1.9398,1.3735,-1.2301,46.87736,2931.64404
120,3200123.0,private,2.0,14.4815,391.0,0.2817,1.0,27.0,1.0,0.5926,0.4074,0.0,33.0,2.0,-1.4212,-1.4551,-0.501,-0.5582,-0.1764,4.481,458.99561
121,3200124.0,private,,43.7746,1554.0,0.3429,1.0,35.5,1.0,0.8732,0.1268,0.0,38.0,3.0,-0.6884,-0.3265,-1.1906,-0.7733,0.9042,4.64503,521.38009
122,3200125.0,public,3.0,8.5291,806.0,0.1163,1.0,94.5,1.0,0.5291,0.4656,0.0053,53.0,0.0,-1.4212,-1.4551,1.0633,0.4883,-0.7691,4.51173,522.96994
123,3200126.0,public,3.0,10.8308,352.0,0.0,,32.5,1.0,1.0,0.1385,0.3538,53.0,2.0,1.3065,0.4231,0.9383,0.5672,0.9042,39.36161,2640.61824
124,3200127.0,private,2.0,9.125,438.0,0.3433,0.7826,48.0,1.0,0.6771,0.2604,0.0625,33.0,1.0,2.9595,2.4895,-0.1452,-0.4289,0.9042,9.02656,662.37568
125,3200128.0,public,3.0,10.0076,1311.0,2.1875,0.2857,131.0,0.6374,0.7824,0.0763,,53.0,3.0,0.5886,0.5402,0.6482,0.6101,-1.0542,20.35393,2172.53767
126,3200129.0,public,3.0,,1068.0,0.2381,1.0,,,,,,53.0,3.0,-1.4212,1.0744,0.3889,0.9355,-1.0542,2.7793,597.24949
127,3200130.0,public,3.0,11.0685,404.0,0.3208,1.0,36.5,1.0,0.274,0.6164,0.0411,28.0,0.0,1.2589,-0.0879,2.4905,3.0494,0.1329,52.25594,2846.9986
128,3200131.0,private,1.0,8.0068,1185.0,0.306,1.0,148.0,1.0,0.7973,0.1351,0.0676,53.0,3.0,-1.4212,-1.4551,-2.0719,-0.5079,0.9042,7.0022,422.08435
129,3200132.0,public,3.0,,,,0.0,,,,,,33.0,2.0,0.1423,0.0131,0.6654,0.5642,-0.6263,2.73787,321.31235
130,3200133.0,private,2.0,15.4333,463.0,0.3158,1.0,30.0,1.0,0.6667,0.25,0.0833,33.0,3.0,-1.4212,-0.7828,-1.3196,-0.8166,0.9042,4.46807,342.973
131,3200134.0,public,3.0,9.3333,1400.0,0.375,,150.0,,,,,33.0,0.0,-0.3123,0.2633,0.1795,0.2266,-1.0542,1.98695,323.32358
132,3200136.0,public,3.0,6.898,169.0,0.6731,1.0,24.5,1.0,,0.2041,0.0,28.0,0.0,-0.2488,-1.4551,-0.6199,-2.0409,0.9042,18.43366,505.31814
133,3200137.0,public,3.0,9.0909,400.0,0.0,,44.0,1.0,0.6818,0.3182,0.0,13.0,0.0,-1.4212,0.2701,1.9143,1.6642,0.3009,7.33157,551.8106
134,3200138.0,public,3.0,3.5691,439.0,0.463,1.0,123.0,1.0,,,,23.0,2.0,1.9184,0.8371,2.3161,1.4533,-1.0542,6.29202,541.07373
135,3200139.0,public,3.0,15.4894,728.0,0.0,,47.0,1.0,0.2021,0.7447,0.0532,13.0,0.0,0.8339,0.592,0.8153,0.5642,0.9042,26.35517,2746.09244
136,3200140.0,private,2.0,5.0,215.0,0.3438,0.0909,43.0,1.0,0.8837,0.1163,0.0,33.0,3.0,1.2478,-1.4551,-1.4335,0.3117,0.9042,88.90413,3134.87491
137,3200141.0,public,3.0,13.7011,596.0,0.0042,0.0,43.5,0.0,0.8506,0.1839,0.023,33.0,3.0,-0.2264,-1.4551,0.54,-0.2568,0.9042,3.65343,257.74314
138,3200142.0,private,2.0,11.7586,341.0,0.5192,1.0,29.0,1.0,0.6379,0.3621,0.0,48.0,2.0,0.0969,-0.0019,-0.0384,1.3992,-1.0542,13.63587,696.85832
139,3200143.0,public,3.0,1.0769,21.0,,,19.5,1.0,1.0,0.1795,0.2308,13.0,0.0,1.4596,2.0976,0.7468,1.1035,0.9042,146.76623,491.82134
140,3200144.0,public,3.0,6.0706,516.0,0.1316,0.0,85.0,1.0,0.0588,0.9412,0.0,53.0,2.0,1.2478,-0.0879,1.2343,1.3735,0.9042,32.30168,1676.18468
141,3200145.0,private,2.0,13.2205,1679.0,0.4887,1.0,127.0,1.0,1.0,1.0,0.1654,38.0,2.0,-1.4212,-1.4551,-1.173,0.2397,0.9042,2.29708,579.47577
142,3200146.0,public,3.0,7.25,290.0,0.0122,0.0,40.0,1.0,0.85,0.15,0.025,53.0,0.0,1.7236,-0.1953,-0.7912,0.2266,0.9042,48.36944,1603.34011
143,3200147.0,private,1.0,14.1333,318.0,0.125,1.0,22.5,1.0,0.6667,0.3333,0.0,53.0,3.0,2.455,0.6676,-1.528,-1.2356,0.9042,46.20197,2616.93693
144,3200148.0,public,3.0,6.0,114.0,0.6667,0.0,19.0,1.0,0.9737,0.0,0.0,13.0,3.0,0.7566,1.3405,-0.6033,0.3593,0.9042,173.19111,2156.0859
145,3200149.0,private,1.0,11.8947,339.0,0.6154,1.0,28.5,0.1053,0.6491,0.1754,0.0702,33.0,3.0,-1.4212,-1.4551,-2.0719,-0.1662,0.287,7.1083,245.13959
146,3200150.0,private,1.0,17.6053,669.0,0.0167,1.0,38.0,0.8553,0.0,0.5263,0.3289,28.0,3.0,1.2478,0.902,1.1262,0.8952,0.9042,59.83932,3387.23891
147,3200151.0,public,3.0,7.3051,431.0,0.0,,59.0,1.0,0.8983,0.1017,0.0,28.0,1.0,2.1861,1.6509,1.1783,1.7189,-1.6722,30.02241,2649.80998
148,3200152.0,private,,,,,,,,,,,,,,,,,,5.72131,542.16337
149,3200153.0,public,3.0,14.7945,1080.0,0.2463,0.5,73.0,0.0,0.2808,0.7192,0.274,53.0,1.0,-0.6483,-0.4314,0.6482,0.2266,0.287,12.84205,2573.77172
150,3200154.0,public,3.0,2.4103,94.0,,,39.0,,0.7179,0.2821,,13.0,2.0,0.8339,0.0935,1.137,0.1875,-0.6385,18.43366,286.14559
151,3200155.0,private,2.0,13.0462,424.0,0.2941,1.0,32.5,1.0,0.3692,0.1077,0.0769,33.0,2.0,-1.4212,-0.7828,-0.0956,0.9355,0.9042,4.42125,282.93841
152,3200156.0,private,2.0,6.8739,409.0,0.5385,0.0,59.5,1.0,0.8739,0.1261,0.0,53.0,0.0,1.0245,-1.4551,0.2337,1.6299,0.1329,45.0963,2556.316
153,3200157.0,public,3.0,5.0968,79.0,,,15.5,1.0,0.871,0.129,0.0,13.0,1.0,0.0574,-0.4314,0.6935,0.9054,0.9042,36.86731,463.41283
154,3200158.0,public,3.0,3.6078,92.0,0.3125,0.0,25.5,0.0,1.0,0.098,0.0392,13.0,1.0,2.1432,1.6342,0.1936,1.7189,-1.0542,87.11143,1603.14187
155,3200159.0,public,3.0,2.6296,142.0,,,54.0,,,,,38.0,1.0,0.1423,1.1804,1.0248,1.7102,0.9042,18.43366,382.4734
156,3200160.0,private,2.0,13.5556,305.0,0.2727,1.0,22.5,0.0,0.7778,0.1111,0.2222,53.0,1.0,0.1,0.0055,0.4781,0.8378,-1.0542,6.42668,260.00306
157,3200161.0,public,3.0,,617.0,0.0476,0.0,,,,,,13.0,2.0,0.0574,0.0131,0.2498,1.1035,-2.436,25.19752,2016.55465
158,3200162.0,public,3.0,2.1961,224.0,0.5357,,102.0,1.0,1.0,1.0,0.1471,53.0,1.0,0.7566,-0.0719,-0.335,-0.4697,0.9042,174.22286,7049.49967
159,3200163.0,public,3.0,,,,,1.0,1.0,0.0,0.0,0.0,,1.0,1.529,-0.614,-0.2335,1.2182,-0.5083,293.53247,362.06807
160,3200164.0,public,3.0,20.3916,1458.0,0.0628,1.0,71.5,1.0,0.5804,0.4196,0.3217,38.0,2.0,0.2956,1.6509,-0.0705,2.1689,0.9042,1.21683,278.84908
161,3200165.0,public,3.0,7.9737,303.0,1.0,0.0,38.0,1.0,0.9605,0.0395,0.0,38.0,2.0,0.1,-0.5869,1.3201,-0.5993,0.9042,4.17885,138.15915
162,3200166.0,public,3.0,,754.0,,,,,,,,,2.0,0.4698,-0.0719,-0.6033,-1.2943,0.9042,2.94172,443.6231
163,3200167.0,public,3.0,9.3278,1679.0,1.0,0.3404,180.0,1.0,0.0,0.75,0.25,28.0,3.0,-0.949,-1.4551,-2.0719,-0.1662,0.9042,2.13635,419.60814
164,3200168.0,private,3.0,4.9101,928.0,0.1524,1.0,189.0,1.0,0.3651,0.254,0.0529,33.0,0.0,-0.6884,-1.4551,-1.6103,0.6015,0.9042,3.2355,570.92087
165,3200169.0,public,3.0,9.771,640.0,0.1667,1.0,65.5,1.0,0.687,0.313,0.0076,53.0,2.0,-0.2692,-0.3163,-0.3684,0.1875,-0.3006,5.51434,413.20033
166,3200170.0,private,2.0,26.3243,487.0,1.3913,0.8438,18.5,1.0,0.4595,0.5405,0.1081,23.0,1.0,0.1,0.592,0.3894,1.1913,0.9042,13.40422,357.86854
167,3200171.0,public,3.0,14.5175,1038.0,0.2273,0.0,71.5,1.0,0.0769,0.9231,0.2308,53.0,1.0,0.4186,0.3595,0.4333,0.1144,0.9042,17.413,2108.63695
168,3200172.0,private,2.0,9.0566,480.0,,0.75,53.0,1.0,0.0,0.0,0.0,33.0,3.0,0.7889,1.5598,0.7577,0.8952,0.9042,27.34402,2224.88639
169,3200173.0,public,3.0,10.0,310.0,0.0,,31.0,1.0,0.8065,0.1774,0.0484,53.0,1.0,1.3498,0.592,0.0158,0.8952,-0.6385,56.46111,2480.48766
170,3200174.0,public,3.0,4.7059,40.0,0.6364,0.0,8.5,,,,0.0,13.0,,-1.4212,-1.4551,-1.4335,-1.419,-0.0504,36.29629,86.54797
171,3200175.0,private,3.0,14.8936,350.0,0.1923,1.0,23.5,1.0,0.7872,0.1277,0.0,38.0,3.0,-0.2264,-1.4551,-1.3196,-0.778,0.9042,39.43304,2741.95645
172,3200176.0,public,3.0,8.4651,182.0,0.625,0.05,21.5,1.0,0.1163,0.8837,0.4186,28.0,1.0,0.0686,0.531,1.6343,0.1875,-1.0542,8.1434,302.31227
173,3200177.0,private,2.0,9.4,188.0,0.2785,1.0,20.0,1.0,0.75,0.25,0.0,53.0,2.0,0.8006,0.2833,-1.0762,0.9028,0.3009,13.40422,579.79274
174,3200178.0,public,3.0,6.3833,383.0,0.0,,60.0,,0.6667,0.5,0.0,28.0,1.0,0.7566,0.436,2.3697,2.5251,-1.9375,3.45209,88.46235
175,3200179.0,public,3.0,3.9474,375.0,0.1111,0.0,95.0,,0.3158,0.7368,0.3158,33.0,1.0,0.7566,1.2432,1.0633,1.6043,-0.4859,33.92143,2277.80047
176,3200180.0,private,2.0,13.9368,662.0,0.0676,1.0,47.5,0.0,0.0,1.0,0.0632,38.0,3.0,1.6863,-0.7828,-1.3196,-0.4289,0.9042,5.93413,618.98459
177,3200181.0,public,3.0,,,,,42.5,,,,,53.0,1.0,1.2478,-0.1776,0.1795,1.1337,-1.4469,32.51151,2418.43582
178,3200182.0,private,2.0,13.1776,705.0,0.2105,1.0,53.5,1.0,0.6916,0.2991,0.0093,38.0,1.0,-1.4212,-1.4551,-0.3856,-0.5582,0.287,2.69588,268.96656
179,3200183.0,public,3.0,6.1176,52.0,0.0,,8.5,1.0,0.6471,0.3529,0.0,13.0,0.0,1.6863,1.1028,1.4846,2.2731,-1.4469,146.76623,2272.99967
180,3200184.0,private,1.0,10.3252,2953.0,1.2698,1.0,286.0,1.0,0.1014,0.3934,0.0507,28.0,3.0,-1.4212,-1.4551,-3.3785,-2.0409,0.9042,1.0,576.01864
181,3200185.0,public,3.0,10.7664,576.0,,,53.5,1.0,0.9813,0.0187,0.2243,53.0,2.0,-0.2376,-1.146,0.4346,0.7958,-1.0542,23.1001,2427.53586
182,3200186.0,public,3.0,6.3333,380.0,0.0,,60.0,0.0,0.1667,0.3333,0.0333,28.0,2.0,-0.1413,0.353,0.7468,1.5957,-1.0391,34.83729,1968.59432
183,3200187.0,public,3.0,14.65,586.0,0.0476,0.0,40.0,,,0.25,0.0,28.0,0.0,1.2478,0.9151,-1.4545,-0.5488,-1.0542,3.14448,185.64859
184,3200188.0,private,,,,,,,,,,,,,,,,,,10.86247,429.41616
185,3200189.0,private,2.0,7.5385,147.0,1.0,1.0,19.5,1.0,0.7179,0.2821,0.0256,28.0,1.0,-0.113,-0.3163,-0.0008,-0.5205,0.9042,74.41786,2358.21326
186,3200190.0,public,3.0,,,,1.0,145.0,1.0,0.8276,0.1103,0.0138,53.0,1.0,-0.4447,0.6425,1.0758,1.6299,0.9042,14.2472,2562.23017
187,3200191.0,public,3.0,,433.0,0.039,1.0,,,,,,53.0,1.0,-0.6344,0.1077,1.4948,0.3214,-1.0542,43.67551,1968.33628
188,3200192.0,public,3.0,,,,,,,,,,,,,,,,,5.86525,487.22862
189,3200193.0,public,3.0,,,,0.0,65.5,,,,0.0229,18.0,3.0,0.7889,-0.7828,0.3373,-0.4289,-1.5648,36.14454,1677.08604
190,3200194.0,public,3.0,13.0,130.0,0.625,,10.0,1.0,,0.0,0.0,13.0,2.0,-0.2723,-0.4314,0.1296,0.4914,-1.4469,83.16036,974.86878
191,3200195.0,public,3.0,3.0968,288.0,,,93.0,1.0,0.7527,0.0,0.0,33.0,1.0,2.9595,1.5683,0.4333,1.9558,0.9042,64.87021,1768.1367
192,3200196.0,public,3.0,26.7273,588.0,1.0,0.0,22.0,,,0.4545,0.0,28.0,1.0,1.9658,0.6924,-0.1022,-0.5993,-1.7571,18.20044,1710.20805
193,3200197.0,private,1.0,5.2917,127.0,0.0286,0.0,24.0,,,,0.0,28.0,2.0,-1.4212,-1.1527,0.234,0.4914,-2.436,78.86607,1326.70946
194,3200198.0,public,3.0,4.7037,127.0,0.625,,27.0,1.0,0.8704,0.1296,0.0741,23.0,1.0,1.2048,-0.614,0.2827,0.5761,-0.3006,74.62714,1769.54782
195,3200199.0,public,3.0,10.9333,492.0,0.4819,0.0,45.0,1.0,0.6667,0.3333,0.0778,53.0,0.0,1.529,-0.614,1.6961,1.9558,0.3009,27.30066,1782.64227
196,3200200.0,private,1.0,8.9706,305.0,0.1667,1.0,34.0,1.0,0.3382,0.5147,0.1471,53.0,1.0,-0.2376,-0.1776,-0.0956,-0.4289,-0.1868,14.56558,738.62297
197,3200201.0,public,3.0,4.04,202.0,0.0,,50.0,1.0,0.9,0.1,0.0,28.0,1.0,0.4698,-0.7828,0.747,-0.1662,-2.1866,6.48148,165.6579
198,3200202.0,public,3.0,5.2,143.0,0.0,,27.5,0.0,,,,18.0,1.0,1.9315,0.4991,0.4913,1.4191,-1.0542,177.1978,3500.14066
199,3200203.0,private,2.0,14.2368,541.0,,,38.0,1.0,0.4342,0.5658,0.0526,53.0,2.0,2.9595,0.6425,-0.3684,1.4277,0.3009,4.09375,301.31567
200,3200204.0,private,,10.019,526.0,0.0,,52.5,1.0,0.0,0.1905,0.0,48.0,0.0,0.7889,-0.614,-0.6744,1.5413,-1.7481,8.32319,676.61232
201,3200205.0,public,3.0,8.5612,595.0,0.1429,0.0,69.5,,0.518,0.482,0.0576,28.0,1.0,1.6863,-0.0019,1.5622,1.9628,-2.203,6.20363,550.13601
202,3200206.0,public,3.0,12.4785,1304.0,1.0,0.0,104.5,,1.0,0.1388,0.0096,23.0,1.0,0.8306,0.3677,0.9498,0.6101,-1.0391,1.37486,208.35401
203,3200207.0,private,,10.3259,697.0,0.3214,0.8889,67.5,1.0,0.8519,0.0889,0.0593,38.0,2.0,0.6299,1.0953,-0.2513,1.0965,-0.6263,4.11533,487.84836
204,3200208.0,private,2.0,,,,1.0,14.5,1.0,0.7586,0.2414,0.0,28.0,1.0,-0.4447,-0.5869,-1.4335,-0.8267,0.9042,18.31102,402.84244
205,3200209.0,public,3.0,14.0,532.0,2.7273,0.0333,38.0,1.0,0.8026,0.1053,0.0921,28.0,2.0,0.7566,0.6736,1.7702,2.1927,0.9042,3.69294,257.76179
206,3200210.0,public,3.0,4.7097,73.0,0.1143,1.0,15.5,1.0,0.1935,0.0645,0.5806,38.0,1.0,0.1111,-0.614,0.3373,0.3593,-0.0504,67.58971,3361.14448
207,3200211.0,public,3.0,2.931,425.0,0.087,0.0,145.0,1.0,0.1379,0.8621,0.069,53.0,2.0,0.1423,0.1964,0.3894,-0.0939,-1.2301,43.75254,1749.71936
208,3200212.0,private,1.0,6.95,139.0,0.3125,1.0,20.0,1.0,0.75,0.25,0.25,18.0,1.0,-1.4212,-1.4551,-1.173,-1.2225,0.9042,92.69603,2129.93113
209,3200213.0,public,3.0,7.2967,332.0,0.7292,0.3429,45.5,1.0,0.8352,0.2198,0.044,38.0,0.0,2.9595,0.7626,1.2287,0.5642,-0.4971,48.46055,1924.00896
210,3200214.0,private,1.0,8.625,345.0,0.8028,1.0,40.0,1.0,1.0,0.1125,0.1875,53.0,2.0,-0.4413,-0.3265,-1.6103,-0.1662,0.1571,6.42668,486.96494
211,3200215.0,private,2.0,13.3733,1003.0,0.4167,1.0,75.0,,,,0.0533,53.0,3.0,-0.6884,-0.5869,0.137,0.2266,0.9042,2.05959,240.79536
212,3200216.0,public,3.0,2.9433,883.0,0.4739,0.0,300.0,1.0,0.6167,0.3333,0.05,28.0,0.0,0.0259,0.2833,0.1273,0.8952,-0.6263,31.92753,2603.28706
213,3200217.0,public,3.0,19.2929,955.0,0.578,0.0,49.5,0.0,,,0.0808,28.0,1.0,0.1,0.436,1.0148,1.4533,-0.6263,16.03621,2968.10892
214,3200218.0,public,3.0,7.8889,923.0,2.5294,0.3023,117.0,1.0,0.6795,0.3205,0.1368,13.0,2.0,-0.2376,0.4991,1.8766,1.3735,-0.6263,4.64157,592.18505
215,3200219.0,public,3.0,4.7059,80.0,,,17.0,1.0,1.0,0.0,0.0,13.0,1.0,0.8006,-0.5869,0.0921,0.9054,-1.2438,173.19111,2321.7563
216,3200220.0,public,3.0,4.6214,647.0,0.1923,0.0,140.0,1.0,0.9464,0.9464,0.0786,18.0,2.0,1.6863,0.25,2.0762,2.1689,0.1329,31.11122,1244.62919
217,3200221.0,public,3.0,4.2083,202.0,1.0,0.0,48.0,1.0,0.8542,0.0417,0.1042,23.0,1.0,-0.3123,-1.4551,0.2408,0.5672,0.9042,18.43366,624.27769
218,3200222.0,public,3.0,9.1068,938.0,,0.875,103.0,1.0,0.835,0.165,,23.0,2.0,1.6863,1.0744,0.8153,1.1913,-1.9291,1.91321,241.32715
219,3200223.0,public,3.0,89.7609,4129.0,,,46.0,1.0,0.9674,0.0326,0.5217,,,,,-0.7752,0.8952,0.9042,9.60598,2089.64629
220,3200224.0,public,3.0,16.8571,590.0,0.1563,0.6,35.0,0.5714,0.8571,0.1429,0.1,53.0,0.0,0.8339,-0.0719,-0.6033,-1.2943,0.3009,2.79645,376.15796
221,3200225.0,public,3.0,3.7624,380.0,0.1096,,101.0,1.0,0.9505,0.0495,0.0495,,0.0,0.4292,1.3405,1.6292,1.6299,-0.6263,46.94536,3651.23537
222,3200226.0,public,3.0,16.9565,390.0,,,23.0,1.0,0.7826,0.2174,0.087,53.0,2.0,1.2631,0.028,-0.9505,-0.5488,0.9042,3.82642,164.125
223,3200227.0,private,,10.7552,769.0,0.1571,1.0,71.5,1.0,0.6224,0.2517,0.007,53.0,1.0,0.6606,-0.2129,0.1945,-0.5614,-0.1661,5.16843,673.47189
224,3200228.0,private,2.0,9.1111,164.0,0.1818,0.5,18.0,1.0,0.1111,1.0,0.0,28.0,0.0,1.4743,1.5514,-0.6744,-0.1662,-1.0542,18.31102,524.02171
225,3200229.0,public,3.0,8.04,201.0,0.2586,0.0,25.0,,1.0,0.0,0.0,18.0,1.0,0.4997,2.0976,1.1425,0.2988,0.9042,81.70055,2278.66759
226,3200230.0,public,3.0,5.6333,676.0,0.0909,0.0,120.0,1.0,0.8333,0.1667,0.6667,53.0,2.0,-1.4212,0.1077,0.1945,1.6929,-1.0542,3.27415,330.88688
227,3200231.0,public,3.0,7.9688,255.0,0.0,,32.0,1.0,0.4219,0.4375,0.2813,53.0,1.0,0.4698,-0.3163,0.9497,-0.0452,0.9042,10.57669,487.45853
228,3200232.0,public,3.0,10.8889,490.0,0.72,0.0,45.0,1.0,0.7333,0.2667,0.0,53.0,2.0,0.9868,0.9995,0.0402,0.5004,0.9042,2.83565,163.62037
229,3200233.0,public,3.0,,,,1.0,27.5,0.1818,0.1636,0.6545,0.0,28.0,1.0,0.7889,1.0607,1.8766,1.6385,-0.5083,18.43366,700.37486
230,3200234.0,private,2.0,5.9583,429.0,0.3333,1.0,72.0,1.0,0.7639,0.2778,0.0556,23.0,2.0,-0.2376,0.25,-1.1232,-0.1791,0.3009,40.59283,3019.42715
231,3200235.0,public,3.0,10.3619,544.0,,,52.5,0.0,0.0,0.0,0.0,13.0,0.0,2.9595,1.0953,0.577,0.2266,0.9042,31.75938,1686.5204
232,3200236.0,public,3.0,6.5,585.0,0.396,1.0,90.0,,,,,28.0,1.0,-0.6884,0.2633,-0.7293,1.6299,-1.5648,4.35601,410.4857
233,3200237.0,public,3.0,4.0847,723.0,0.1071,1.0,177.0,,0.9605,0.0678,0.0113,38.0,0.0,-0.2805,-0.614,0.8941,1.4277,-0.1764,23.49213,2423.58543
234,3200238.0,public,3.0,5.1121,593.0,0.0222,1.0,116.0,1.0,0.0991,0.9009,0.0,53.0,2.0,0.0259,0.122,1.319,0.4392,-1.0542,28.19056,2247.9265
235,3200239.0,public,3.0,4.86,972.0,0.1125,0.2222,200.0,1.0,0.6125,0.375,0.0125,28.0,2.0,-0.949,0.2833,0.3894,0.9355,-1.8443,3.38079,535.11135
236,3200240.0,private,1.0,,,,,22.5,0.6667,0.6667,0.1111,,33.0,3.0,-1.4212,-1.4551,0.0761,0.6015,-1.0542,11.44263,789.51386
237,3200241.0,public,3.0,1.6561,472.0,0.5102,0.0,285.0,1.0,0.7895,0.2105,0.1579,53.0,0.0,2.1284,0.1964,0.2408,1.6385,-1.0542,3.93935,395.52335
238,3200242.0,private,,9.7808,357.0,0.1644,1.0,36.5,1.0,1.0,1.0,0.0548,33.0,2.0,0.8339,0.1893,-0.6744,0.7985,-0.1661,43.86371,2211.49477
239,3200243.0,public,3.0,,764.0,0.1538,0.0,,,,,,33.0,0.0,0.8006,0.21,0.8153,1.1129,-1.0542,2.50073,260.92498
240,3200244.0,public,3.0,9.8244,1007.0,0.0518,1.0,102.5,1.0,0.639,0.2634,0.0976,53.0,1.0,0.8339,1.3635,0.8153,1.6299,-1.0542,3.05772,512.07603
241,3200245.0,public,3.0,9.1837,225.0,1.25,0.0,24.5,1.0,0.6531,0.3469,0.0,23.0,2.0,0.4997,-0.4313,1.6971,1.6043,0.9042,8.58358,329.48763
242,3200246.0,public,3.0,4.75,171.0,,,36.0,1.0,0.75,0.25,0.0,13.0,0.0,0.8339,-1.4551,1.9569,-0.042,0.9042,81.60425,3044.93911
243,3200247.0,private,,9.6744,208.0,0.5909,1.0,21.5,1.0,0.2326,0.7674,,23.0,1.0,-1.4212,0.1893,1.3438,2.5251,-1.0542,9.47411,328.38202
244,3200248.0,private,,8.7692,570.0,,,65.0,1.0,0.6923,0.3077,0.1538,53.0,2.0,0.1,-0.0879,0.0986,1.3735,-3.4726,6.89124,632.94477
245,3200250.0,public,3.0,5.1765,484.0,1.0,0.0,93.5,1.0,0.8877,0.123,0.0374,48.0,2.0,0.7889,0.1683,1.0148,-0.1662,-0.1661,26.35517,1658.96847
246,3200251.0,public,3.0,14.25,342.0,0.0877,0.0,24.0,,0.1875,0.9583,0.0208,53.0,3.0,1.4888,,1.0689,0.1875,-0.3006,5.88134,288.47365
247,3200252.0,public,3.0,5.7481,776.0,1.2308,0.1875,135.0,1.0,0.7778,0.0741,0.0333,33.0,2.0,0.265,1.5272,0.8153,0.8952,-2.0965,8.96081,1002.99679
248,3200253.0,private,1.0,9.9535,214.0,0.6061,1.0,21.5,1.0,0.814,0.186,0.1163,18.0,2.0,-0.4413,0.1964,-0.2178,-0.5488,0.9042,4.67034,152.17058
249,3200254.0,public,3.0,5.119,215.0,0.0,,42.0,,1.0,0.0,0.0,18.0,0.0,0.0686,-0.1798,0.6058,-0.2079,0.9042,69.29318,2024.96801
250,3200255.0,public,3.0,4.9818,822.0,0.5952,1.0,165.0,1.0,0.7727,0.2212,0.0061,53.0,0.0,1.6863,1.2579,0.4781,0.5642,-1.0542,27.46757,1438.86758
251,3200256.0,public,3.0,1.84,253.0,0.1948,0.4667,137.5,0.9091,0.8364,0.0727,,53.0,1.0,1.2478,0.3419,0.8153,1.1981,-1.0695,75.40332,2232.79869
252,3200257.0,private,2.0,21.3548,662.0,0.1702,1.0,31.0,1.0,0.7742,0.2258,0.3226,53.0,1.0,-0.2376,-1.4551,0.6482,0.6101,-1.0542,3.69408,528.25293
253,3200258.0,public,3.0,9.4397,1095.0,,,116.0,1.0,,0.0172,0.0,38.0,3.0,1.2478,0.2964,0.3705,1.1913,-1.0238,1.42418,248.36836
254,3200259.0,private,1.0,17.0,187.0,0.3,1.0,11.0,1.0,0.7727,0.2273,0.0,38.0,1.0,-0.2723,-1.4551,-1.4335,-0.9138,-0.061,77.70143,3504.66662
255,3200260.0,public,3.0,12.8857,451.0,0.1786,0.2,35.0,1.0,0.6571,0.3429,0.0857,33.0,1.0,-0.6344,-1.4551,0.0921,-0.1662,0.9042,4.60279,282.06463
256,3200261.0,public,3.0,15.8947,302.0,0.3125,0.0,19.0,1.0,1.0,0.3158,,33.0,1.0,1.2478,-0.5869,1.3443,-0.1144,0.9042,38.33446,2511.77462
257,3200262.0,public,3.0,21.1273,1162.0,0.0,,55.0,1.0,,0.0727,0.0,33.0,2.0,0.2759,0.122,0.5206,0.1875,0.9042,1.46356,253.87914
258,3200263.0,private,2.0,,445.0,0.0833,1.0,,,,,,53.0,1.0,-0.2805,-0.1776,-0.0956,0.613,0.9042,4.51104,329.67889
259,3200264.0,private,2.0,15.2157,388.0,0.4494,1.0,25.5,1.0,0.6863,0.3137,0.0392,53.0,0.0,-1.4212,-1.4551,-0.6902,-0.042,-1.0542,5.3925,395.88279
260,3200265.0,private,2.0,24.5,686.0,,1.0,28.0,1.0,0.9107,0.0893,,28.0,1.0,-0.6483,-0.7828,0.3821,3.7879,0.9042,24.12128,2325.54764
261,3200266.0,public,3.0,,,,0.0,43.5,1.0,,,,23.0,1.0,-1.4212,1.4216,1.1781,1.1551,0.9042,5.99231,280.5779
262,3200267.0,public,3.0,6.4688,207.0,0.3529,0.0,32.0,1.0,0.9375,0.0625,0.0,23.0,2.0,-0.3123,-1.4551,1.0522,1.4533,0.9042,7.05761,226.54907
263,3200268.0,public,3.0,,540.0,,,,,,,,23.0,3.0,0.4698,1.3558,1.2456,0.6825,0.1571,3.38079,288.80921
264,3200269.0,public,3.0,,,,,80.5,1.0,0.3727,0.6273,0.1242,28.0,0.0,1.2478,0.6425,1.3879,1.9558,-2.1866,17.23764,2023.24973
265,3200270.0,public,3.0,3.8,19.0,,,5.0,1.0,1.0,0.0,0.0,13.0,0.0,-0.4907,-1.4551,0.3894,-0.96,-1.3732,18.14814,18.91734
266,3200271.0,public,3.0,5.4645,500.0,0.0251,0.0,91.5,1.0,0.3279,0.6721,0.0219,33.0,1.0,2.1432,-0.3163,1.1783,1.7189,-0.1868,9.35041,464.49895
267,3200272.0,private,1.0,4.7895,91.0,0.0,,19.0,1.0,0.8947,0.1053,0.1579,13.0,0.0,0.6378,0.6862,1.0633,0.1973,-0.6263,157.73214,1933.02513
268,3200273.0,private,2.0,10.2338,394.0,0.1618,0.0,38.5,1.0,0.3766,0.7792,0.1039,33.0,1.0,,,1.1674,1.1913,-0.1868,5.71713,366.02606
269,3200274.0,public,3.0,10.7048,562.0,0.0952,1.0,52.5,,,,0.0,23.0,2.0,-0.6844,-0.1776,-0.3856,-0.0842,-0.1868,2.23657,220.16084
270,3200275.0,public,3.0,4.8462,126.0,0.0,,26.0,1.0,0.6154,0.3846,0.0,23.0,0.0,2.9595,0.0792,1.1781,0.7075,0.9042,88.5989,1224.77195
271,3200276.0,public,3.0,7.9048,830.0,0.2143,0.3333,105.0,1.0,0.5238,0.4762,0.0429,33.0,2.0,-1.4212,1.5435,0.8941,1.7189,-1.2301,4.85096,649.58577
272,3200277.0,public,3.0,5.6222,506.0,0.1667,1.0,90.0,1.0,0.7222,0.2222,0.0556,53.0,1.0,0.6299,0.8371,0.7009,-0.4788,0.9042,8.37894,696.56187
273,3200278.0,public,3.0,2.7619,145.0,0.0,,52.5,1.0,0.8,0.2,0.0,33.0,0.0,1.6863,-0.614,0.0921,-0.1791,-1.0542,87.11143,1172.80261
274,3200279.0,public,3.0,8.4658,618.0,0.0,,73.0,1.0,0.9589,0.0411,0.0,53.0,1.0,0.4698,0.21,0.1936,-0.4788,0.9042,24.00709,1548.2798
275,3200280.0,private,2.0,18.25,1095.0,0.3442,0.6757,60.0,1.0,0.6667,0.3333,,33.0,1.0,-0.4907,0.6676,1.0406,0.5642,0.1571,2.06673,413.18735
276,3200281.0,private,1.0,58.8667,1766.0,0.9677,0.0667,30.0,1.0,1.0,0.5,0.4167,43.0,1.0,-1.4212,-1.4551,-0.1522,-0.1662,-0.3006,3.84547,457.61129
277,3200282.0,public,3.0,7.5455,83.0,0.4286,0.0,11.0,1.0,0.8636,0.1364,0.0,23.0,1.0,-0.1413,-0.4314,-0.079,1.3735,-0.6263,18.14814,310.64191
278,3200283.0,private,,23.5,423.0,0.2286,1.0,18.0,1.0,0.9167,0.0833,0.0,53.0,1.0,-0.9432,-1.4551,-2.0719,-2.0409,0.9042,46.44246,2868.40245
279,3200284.0,public,3.0,7.5738,462.0,0.0962,1.0,61.0,1.0,0.5902,0.4098,0.2869,33.0,2.0,0.8006,-0.0097,1.8409,1.4533,-0.1661,25.40854,1421.0622
280,3200285.0,public,3.0,29.7455,818.0,1.0,0.4335,27.5,1.0,0.7455,0.2545,0.0545,53.0,2.0,0.4186,2.5845,0.8661,1.1913,0.3009,19.30474,2169.06949
281,3200286.0,public,3.0,6.5568,577.0,0.3488,1.0,88.0,1.0,0.9659,0.0341,0.0,38.0,1.0,1.7236,0.9285,1.0633,1.6929,-2.5273,5.70954,484.16467
282,3200287.0,public,3.0,6.8696,79.0,,,11.5,1.0,0.2609,0.7391,0.0,13.0,1.0,0.4186,-1.4551,2.0176,-0.3786,0.9042,36.86731,238.14611
283,3200288.0,private,2.0,14.4138,418.0,0.2143,1.0,29.0,1.0,0.9483,0.0517,0.0,53.0,2.0,-1.4212,-1.4551,-0.0155,0.6015,0.9042,47.87146,3175.86395
284,3200289.0,public,3.0,3.0833,111.0,0.0,,36.0,0.5,0.4722,0.0417,0.0,53.0,1.0,1.22,0.8371,1.8409,2.0528,-2.436,9.07407,145.00167
285,3200290.0,public,3.0,12.0755,640.0,0.4744,1.0,53.0,0.0,0.0,0.0,0.0,,3.0,-1.4212,-1.4551,-0.0384,-0.1662,0.9042,3.27415,303.22139
286,3200291.0,public,3.0,,,,,,,,,,,,,,,,,4.31453,387.93324
287,3200292.0,private,,17.4894,411.0,0.6667,1.0,23.5,0.1489,0.6596,0.3404,0.0,53.0,1.0,-1.4212,-1.4551,-0.1348,0.2266,0.9042,10.01384,657.14727
288,3200293.0,private,2.0,12.7273,700.0,0.0571,1.0,55.0,1.0,0.1818,0.3636,0.1818,33.0,1.0,-1.4212,0.0131,0.1795,1.3992,0.3009,26.1642,3390.16352
289,3200294.0,public,3.0,11.5075,771.0,0.6289,0.0,67.0,1.0,1.0,0.1418,0.2015,38.0,2.0,1.6863,-0.1953,2.163,1.6299,0.9042,14.11214,1842.48628
290,3200295.0,public,3.0,12.208,1526.0,1.0,0.0,125.0,1.0,0.92,0.08,0.004,53.0,3.0,0.8426,-0.3163,1.0148,0.6713,-1.0542,1.17627,274.89567
291,3200296.0,private,3.0,10.2,102.0,0.625,0.2,10.0,1.0,0.8,0.05,0.0,13.0,1.0,-0.0815,-1.4551,-0.6199,-0.1662,0.1571,13.40422,274.65451
292,3200297.0,private,2.0,,284.0,0.5424,1.0,,,,,,33.0,1.0,-1.4212,-0.7828,-0.0956,0.5642,0.9042,7.81913,466.76709
293,3200298.0,public,3.0,9.75,351.0,0.6667,1.0,36.0,1.0,1.0,0.0,0.0,38.0,1.0,1.6996,1.6509,0.5515,2.2008,-1.0542,86.59555,2774.34851
294,3200299.0,private,2.0,10.4776,351.0,0.25,1.0,33.5,,0.2985,0.8358,0.0,53.0,1.0,-1.4212,-1.4551,-2.0719,-1.2943,-0.1868,47.71119,2537.01447
295,3200300.0,public,3.0,7.95,795.0,0.578,0.0,100.0,1.0,0.8,0.15,0.01,33.0,2.0,0.7566,1.5598,0.3839,0.5642,0.9042,3.06098,419.49871
296,3200301.0,private,1.0,7.8514,2642.0,1.0982,1.0,336.5,1.0,0.6642,0.2481,0.0877,28.0,3.0,-1.4212,-1.4551,-2.0719,-2.0409,0.9042,1.0,460.95278
297,3200302.0,public,3.0,7.223,502.0,0.641,0.6,69.5,1.0,0.8777,0.1223,0.0,53.0,1.0,0.7566,0.5116,0.0921,1.6299,0.9042,50.62794,3093.35427
298,3200303.0,public,3.0,6.0308,1568.0,0.597,0.0,260.0,1.0,0.875,0.1577,0.025,38.0,2.0,0.4292,0.8371,-0.0871,0.5642,0.3009,1.10659,279.92058
299,3200304.0,public,3.0,11.4091,502.0,0.0,,44.0,1.0,0.1023,0.8068,0.0,48.0,1.0,-0.2376,1.2999,0.6058,0.9028,0.9042,3.30826,234.4786
300,3200305.0,public,3.0,,,,,,,,,,,,,,,,,12.17317,826.38922
301,3200306.0,public,3.0,7.6481,891.0,,1.0,116.5,1.0,0.0,0.0,0.0,28.0,0.0,,,-0.6199,-1.2943,0.8043,27.93659,2608.82149
302,3200307.0,private,3.0,6.0588,103.0,0.25,1.0,17.0,0.0588,0.5882,0.3529,0.0,18.0,3.0,0.4698,0.8307,-0.5078,-0.1662,0.1571,36.62204,526.73301
303,3200308.0,public,3.0,11.5048,604.0,0.0,,52.5,1.0,0.9524,0.9524,0.0,23.0,2.0,2.1432,0.3658,0.1795,-0.4289,-0.1764,26.28362,2229.3249
304,3200309.0,public,3.0,8.8594,567.0,0.9,0.0,64.0,1.0,0.9219,0.0469,0.0,33.0,1.0,1.9315,0.7558,-0.0221,-0.1791,0.9042,31.11122,1823.70013
305,3200310.0,public,3.0,8.0667,968.0,0.0613,1.0,120.0,1.0,0.5167,0.5167,0.0833,28.0,0.0,1.1897,1.0815,1.0941,1.1913,0.9042,4.38897,534.1752
306,3200311.0,public,3.0,4.5484,141.0,0.0,,31.0,1.0,0.6774,0.3226,0.0,23.0,2.0,1.4743,-0.3163,-0.6033,0.3466,-1.2021,18.43366,362.94118
307,3200312.0,public,3.0,8.7481,1181.0,0.9804,1.0,135.0,1.0,,,,53.0,2.0,0.0969,-0.0019,0.8153,0.2397,0.9042,3.30861,627.08214
308,3200313.0,private,,,,,,,,,,,,,,,,,,9.47411,359.53191
309,3200314.0,public,3.0,4.0721,226.0,0.0759,1.0,55.5,1.0,0.0,0.0,0.0,53.0,2.0,2.1432,1.3325,0.7009,0.1842,0.9042,87.11143,2724.79061
310,3200315.0,public,3.0,2.1167,127.0,0.0,,60.0,1.0,0.3,0.7,0.0167,18.0,1.0,1.2048,-0.2129,1.8411,0.2136,0.1571,81.70055,1479.86384
311,3200316.0,public,3.0,23.72,1186.0,0.0,,50.0,1.0,0.85,0.15,0.05,53.0,1.0,0.8675,-0.3122,-1.1232,1.1035,-0.1764,10.59736,2041.80925
312,3200317.0,public,3.0,7.6396,424.0,0.2381,1.0,55.5,1.0,0.6216,0.2703,0.1081,23.0,0.0,-0.2376,-0.5869,0.6058,-0.0452,-0.1764,8.16681,565.00399
313,3200318.0,public,3.0,9.0,54.0,,,6.0,1.0,1.0,1.0,0.0,13.0,1.0,1.1897,0.6676,0.0921,-2.0409,0.9042,298.50857,313.59077
314,3200319.0,private,1.0,4.3922,112.0,0.9091,1.0,25.5,1.0,0.7255,0.2745,0.1176,23.0,2.0,-1.4212,-1.4551,-0.7293,-0.1662,0.9042,13.40422,276.61911
315,3200320.0,public,3.0,4.2769,556.0,0.0,,130.0,1.0,0.8808,0.1,0.0,28.0,3.0,0.0259,1.4414,1.0633,1.8742,0.9042,20.56654,1780.39161
316,3200321.0,private,2.0,45.75,183.0,0.4688,1.0,4.0,,,0.25,0.0,23.0,0.0,-1.4212,-0.2129,1.0091,0.9429,-0.6263,88.90413,1574.91061
317,3200322.0,public,3.0,8.7,957.0,0.1786,0.0,110.0,1.0,0.6364,0.3636,0.0045,28.0,0.0,1.2478,1.0064,0.8153,1.6842,-1.0542,1.79431,299.18074
318,3200323.0,public,3.0,15.2308,990.0,0.1899,0.0,65.0,1.0,0.5077,0.3462,0.1462,33.0,1.0,0.4292,1.0744,0.4781,0.6015,-1.0542,3.93401,604.59092
319,3200324.0,private,2.0,9.5333,143.0,1.1111,0.0,15.0,,,,0.0,23.0,2.0,1.6863,-1.4551,0.6058,-2.0409,0.9042,9.47411,221.53099
320,3200325.0,public,3.0,13.5439,386.0,,,28.5,1.0,0.8596,0.7018,0.0,33.0,0.0,1.9184,-0.7828,1.2502,-1.2943,-0.1868,38.11125,2555.13626
321,3200326.0,private,2.0,10.0488,206.0,0.439,1.0,20.5,0.9268,0.4878,0.439,0.0488,23.0,1.0,0.4399,-0.1953,-0.2686,-0.5079,-0.1764,64.19331,2364.39238
322,3200327.0,public,3.0,5.4286,247.0,0.0,,45.5,1.0,0.5604,0.4396,0.3516,53.0,0.0,1.22,0.85,0.0321,-0.8166,-0.6263,61.85397,1154.68979
323,3200328.0,private,1.0,14.0714,788.0,,,56.0,1.0,0.8125,0.1875,0.0179,53.0,2.0,-1.4212,-1.4551,0.6182,-0.8267,0.9042,4.92989,560.31721
324,3200329.0,public,3.0,4.0256,157.0,1.0714,0.0,39.0,1.0,0.9231,0.0769,0.0,18.0,1.0,0.3992,0.8307,-0.1348,0.4883,0.9042,87.11143,1919.04779
325,3200330.0,private,2.0,11.4737,327.0,0.5357,1.0,28.5,1.0,0.4561,0.5439,0.0351,53.0,0.0,-1.4212,-1.4551,-1.5397,0.4883,0.9042,60.08076,3309.11364
326,3200331.0,public,3.0,14.5641,284.0,1.0,0.0,19.5,0.0,0.9231,0.0769,0.0,53.0,0.0,2.1432,1.3698,-0.079,2.1689,-1.0542,42.67939,2455.47591
327,3200332.0,public,3.0,8.1385,1058.0,0.1117,0.0,130.0,1.0,0.5,0.5,0.1154,33.0,1.0,0.4186,0.122,-0.0221,0.885,-0.6385,2.35254,366.67273
328,3200333.0,public,3.0,5.3935,1165.0,0.0248,0.0,216.0,1.0,0.9352,0.0324,0.0069,18.0,3.0,1.6863,0.2833,0.6947,-0.1791,0.9042,18.70491,2302.7185
329,3200334.0,public,3.0,8.3297,379.0,1.3636,1.0,45.5,1.0,0.2418,0.2198,0.1319,23.0,2.0,-0.6884,0.1077,1.0522,1.3735,0.9042,5.97387,308.05374
330,3200335.0,public,2.0,7.527,557.0,0.3093,0.0,74.0,1.0,0.7027,0.2973,0.0405,23.0,0.0,1.2478,0.4427,1.4948,0.9054,0.9042,2.69146,263.44328
331,3200336.0,public,3.0,4.5679,370.0,0.6,0.2,81.0,1.0,0.5679,0.4074,0.0,28.0,1.0,0.1312,0.122,1.0997,0.2266,0.9042,41.45952,2672.09143
332,3200337.0,public,3.0,8.8,638.0,0.25,1.0,72.5,1.0,0.2483,,0.2069,53.0,3.0,-0.6884,0.5116,1.0633,0.2266,-0.0504,6.58345,562.2129
333,3200338.0,private,2.0,7.4359,290.0,0.3509,1.0,39.0,1.0,0.5128,0.2564,0.2308,28.0,2.0,0.4292,0.0935,0.2599,1.1612,-1.0542,7.33043,423.28499
334,3200339.0,public,3.0,5.7581,1785.0,0.1119,1.0,310.0,1.0,0.2581,0.5806,0.0645,23.0,2.0,0.2681,0.4427,-0.0221,0.8952,-0.8251,2.58071,710.518
335,3200340.0,public,3.0,9.7843,499.0,0.1902,1.0,51.0,1.0,1.0,,,28.0,3.0,-0.113,-0.3163,-0.0871,0.9355,-0.0504,4.44143,512.68608
336,3200341.0,public,3.0,,,,,,,,,,,,,,,,,81.60425,3715.03579
337,3200342.0,private,2.0,5.9259,160.0,0.5385,1.0,27.0,0.8889,0.5185,0.3704,0.0,28.0,2.0,-0.2264,-0.614,-2.0719,-0.1274,0.9042,13.40422,401.34115
338,3200343.0,private,2.0,8.359,163.0,0.0,,19.5,1.0,0.5897,0.4103,0.3077,18.0,1.0,0.4698,-1.4551,-0.9505,0.6101,0.9042,9.47411,192.50637
339,3200344.0,private,2.0,5.8596,334.0,0.0204,1.0,57.0,1.0,0.5263,0.4737,0.0175,28.0,1.0,-0.113,-1.4551,-0.7293,0.2266,0.9042,56.91862,1907.0951
340,3200345.0,public,3.0,10.8308,352.0,0.3922,0.0,32.5,1.0,0.8308,0.1385,0.0,53.0,1.0,1.2478,1.5453,0.735,0.8952,0.3009,46.62837,1501.81605
341,3200346.0,public,3.0,9.3306,2314.0,1.1696,1.0,248.0,0.0,,,,28.0,3.0,0.265,0.4104,0.8153,1.8674,0.9042,1.14112,472.41538
342,3200347.0,private,2.0,2.9455,162.0,1.0,1.0,55.0,0.0,,,0.1818,23.0,3.0,-0.949,-1.4551,-1.4335,-2.0409,0.9042,13.40422,344.08197
343,3200348.0,public,3.0,,,,,16.5,1.0,0.4545,0.5455,0.0303,23.0,2.0,-1.4212,0.0663,-0.0155,1.7412,-1.585,9.07407,293.27456
344,3200349.0,public,2.0,10.4,546.0,0.1523,0.0,52.5,1.0,0.6476,0.3524,0.0,53.0,1.0,1.529,-0.1953,-0.9505,-0.4289,0.9042,29.49727,2390.67778
345,3200350.0,public,3.0,16.0357,449.0,,,28.0,1.0,0.6964,0.3393,0.0714,53.0,0.0,0.4668,0.1061,-1.4335,-0.1662,0.9042,21.58327,1485.48977
346,3200351.0,public,3.0,7.5684,719.0,,,95.0,1.0,0.6316,0.3684,,53.0,1.0,1.6863,2.4895,0.5691,0.8378,-2.1866,2.8872,275.70333
347,3200352.0,public,3.0,6.1791,414.0,0.7477,0.0,67.0,1.0,0.1493,0.8507,0.0,38.0,1.0,0.0574,0.0055,0.6654,1.6929,-0.6385,39.575,2447.2406
348,3200353.0,public,3.0,2.9254,98.0,0.1667,0.0,33.5,1.0,0.7015,0.2985,0.0,13.0,0.0,1.0679,-0.0879,-0.2686,0.8952,0.9042,88.5989,1367.43659
349,3200354.0,private,2.0,5.5278,398.0,0.3,1.0,72.0,1.0,0.0,1.0,0.0,53.0,2.0,-0.3284,-1.4551,-0.7517,-0.4289,-0.3006,33.8263,2445.12128
350,3200355.0,public,3.0,6.1255,732.0,0.1061,1.0,119.5,,,,,23.0,2.0,0.2759,0.8371,0.8153,1.4277,-4.0518,3.12431,408.37207
351,3200356.0,private,2.0,11.4545,126.0,1.1538,1.0,11.0,1.0,0.6818,0.3182,0.0,23.0,3.0,1.2631,-0.2968,-1.1797,-2.0409,0.9042,78.63,729.36103
352,3200357.0,private,1.0,9.3333,168.0,1.5217,1.0,18.0,1.0,0.6389,0.3611,0.0,18.0,1.0,-0.4907,-1.4551,-0.7293,-1.2356,0.9042,88.90413,2061.61496
353,3200358.0,public,3.0,,,,0.0,45.0,1.0,1.0,0.3333,0.0778,48.0,0.0,0.5994,-1.4551,-0.8541,1.3735,-0.4859,81.70055,2295.61216
354,3200359.0,public,3.0,3.2754,226.0,0.8571,0.0667,69.0,,0.4493,0.2174,0.0,38.0,1.0,0.265,0.9796,1.0248,1.6842,-1.0542,59.68052,1424.84368
355,3200360.0,public,3.0,4.6207,134.0,0.3333,1.0,29.0,1.0,0.0345,0.1034,0.069,23.0,0.0,1.0283,1.0744,-0.1452,1.6929,-0.1868,83.16036,2142.30682
356,3200361.0,public,3.0,,703.0,,,,,,,,28.0,2.0,0.7566,1.1514,0.4215,1.3992,0.9042,3.6242,551.50839
357,3200362.0,private,2.0,15.4324,571.0,0.1933,0.913,37.0,1.0,0.8378,0.1622,0.027,38.0,2.0,-0.949,-1.4551,-0.5078,0.5642,0.9042,20.91962,1722.95144
358,3200363.0,private,1.0,3.5261,744.0,0.8108,1.0,211.0,1.0,0.7109,0.237,0.0521,53.0,1.0,-1.4212,-1.4551,-2.0719,-1.2943,0.9042,9.57444,379.33229
359,3200364.0,public,3.0,5.0305,908.0,0.2586,0.6667,180.5,1.0,0.9418,0.0582,0.0554,53.0,1.0,0.7566,0.1825,0.5993,0.8927,0.9042,22.91306,1605.69468
360,3200365.0,private,1.0,7.1707,294.0,0.4923,1.0,41.0,0.2683,0.4146,0.2927,0.0244,38.0,2.0,-0.2692,-1.4551,-0.6201,-0.5582,-0.6263,51.07108,2765.18254
361,3200366.0,public,3.0,4.7619,500.0,0.1111,1.0,105.0,0.3333,0.8571,0.2143,0.0476,13.0,0.0,0.0686,-0.4314,1.0633,0.9028,-0.3006,28.81795,991.41457
362,3200367.0,public,3.0,9.3953,202.0,0.2273,1.0,21.5,1.0,0.9302,0.0698,0.0,53.0,2.0,-1.4212,-0.0097,0.4349,0.2266,0.9042,9.07407,288.08012
363,3200368.0,public,3.0,5.792,362.0,0.3261,,62.5,1.0,0.12,0.8,0.016,23.0,3.0,0.0259,-0.1776,0.8603,-0.4289,0.3009,10.24092,434.12346
364,3200369.0,public,3.0,10.9063,698.0,1.0,,64.0,1.0,,,,38.0,1.0,-1.4212,0.5734,1.2397,1.9628,0.9042,28.31207,3002.21327
365,3200370.0,public,3.0,3.3429,351.0,0.3902,0.625,105.0,1.0,1.0,0.0,0.0,13.0,0.0,0.2373,0.436,1.3545,2.2731,-1.0845,53.48947,3137.27889
366,3200371.0,private,1.0,9.3645,501.0,0.4938,1.0,53.5,0.7383,0.6075,0.2243,0.0187,28.0,3.0,-1.4212,-1.4551,-0.4428,0.6015,0.9042,39.38791,3068.513
367,3200372.0,private,2.0,7.375,118.0,1.0,1.0,16.0,1.0,0.5,0.4375,0.0625,18.0,2.0,0.1,1.3405,-1.3196,0.2266,-0.1868,157.73214,3627.02553
368,3200373.0,public,3.0,6.425,257.0,0.0,,40.0,,0.9625,0.0875,0.0,48.0,1.0,1.7236,-0.0879,0.4349,0.5642,-1.8358,78.17692,1495.8479
369,3200374.0,public,3.0,7.9889,719.0,0.3886,0.9118,90.0,0.0,0.6667,0.4444,0.3333,18.0,1.0,1.2478,1.5598,1.1674,1.3735,-0.4859,2.39696,380.63535
370,3200375.0,public,3.0,8.0625,774.0,0.8257,0.1667,96.0,1.0,0.0,1.0,0.0,23.0,2.0,0.4698,-0.7828,1.1729,0.9028,0.9042,15.45941,1816.68924
371,3200376.0,public,3.0,6.2219,2271.0,0.1878,1.0,365.0,1.0,,,,28.0,3.0,-1.4212,-0.2968,-0.8443,1.3253,-0.1764,1.09958,461.78598
372,3200377.0,public,3.0,10.6783,1228.0,0.1813,1.0,115.0,1.0,0.3478,0.6304,0.0217,23.0,2.0,1.2478,-0.5869,0.8153,1.2478,0.9042,15.90499,2463.75844
373,3200378.0,public,3.0,5.8095,610.0,0.1875,0.0,105.0,1.0,0.881,0.119,0.0,18.0,0.0,0.0574,-0.1953,0.4781,0.6015,-2.519,23.53108,2135.37394
374,3200379.0,private,1.0,5.7391,198.0,1.0526,1.0,34.5,1.0,0.6812,0.3188,0.029,23.0,1.0,-1.4212,-1.4551,-1.6103,-0.4985,0.9042,10.66245,372.29122
375,3200380.0,private,,13.6716,458.0,0.6849,1.0,33.5,1.0,0.9403,0.2687,0.0448,53.0,3.0,-0.6483,-0.5869,-0.4428,-0.3881,0.287,5.45521,445.85131
376,3200381.0,private,2.0,13.9474,265.0,0.5263,1.0,19.0,1.0,0.9474,0.0526,0.0,38.0,2.0,1.2478,-0.3163,-1.173,-0.0452,0.9042,69.14766,2558.52282
377,3200382.0,private,2.0,,,,1.0,48.5,1.0,0.5773,0.4227,0.0825,33.0,2.0,-1.4212,-1.4551,-0.2509,-1.2943,-1.0542,4.78722,481.41198
378,3200383.0,public,3.0,16.7826,579.0,0.1563,0.0,34.5,,0.8696,0.1304,0.058,18.0,1.0,0.4591,-0.614,0.7758,-0.1274,0.9042,30.00836,1837.50387
379,3200384.0,private,1.0,8.4364,928.0,1.0,1.0,110.0,0.1727,0.2364,0.5818,0.0091,53.0,1.0,-1.4212,-1.4551,-1.6103,-0.1662,0.3009,5.08639,699.9871
380,3200385.0,public,3.0,5.7143,400.0,0.303,0.0,70.0,1.0,0.7143,0.1429,0.1429,53.0,1.0,0.8006,-0.0719,0.6532,0.8952,-1.0542,10.08091,648.74473
381,3200386.0,public,3.0,12.4198,1006.0,0.1412,0.5,81.0,1.0,0.6728,0.7222,0.1235,33.0,3.0,1.0322,1.6509,0.3892,1.4533,-0.4971,3.3779,645.99684
382,3200387.0,public,3.0,9.7412,414.0,3.3333,0.0,42.5,,,0.3294,0.0,53.0,0.0,0.7452,0.2765,0.6058,-0.8267,-0.6263,4.47313,264.85835
383,3200388.0,public,3.0,10.5,210.0,0.64,0.375,20.0,1.0,,,,28.0,1.0,2.9595,0.1964,2.2086,0.9028,0.9042,73.38312,2832.55444
384,3200389.0,public,3.0,3.7679,422.0,0.4706,0.375,112.0,1.0,0.8214,0.0714,0.1071,28.0,2.0,0.1423,-0.1776,0.8153,-0.0452,0.9042,27.20781,1843.21311
385,3200390.0,public,3.0,16.8817,785.0,0.0769,0.5,46.5,1.0,0.871,0.1075,0.0,38.0,1.0,1.2478,0.1825,0.6058,1.8674,0.9042,3.17593,409.61702
386,3200391.0,private,,13.6418,457.0,0.1373,1.0,33.5,1.0,0.1493,0.8507,0.2985,38.0,1.0,-1.4212,-0.5869,-0.7453,0.2266,-2.1866,4.19739,327.67319
387,3200392.0,public,3.0,7.3551,787.0,0.1626,0.0,107.0,1.0,1.0,0.0,0.0,18.0,1.0,-0.9432,-0.614,1.5999,0.9028,-0.6263,25.4075,3033.96373
388,3200393.0,public,3.0,,,,,,,,,,,,,,,,,13.85864,2482.83513
389,3200394.0,public,3.0,21.8182,2400.0,1.0,1.0,110.0,1.0,0.3636,0.6364,0.0545,23.0,3.0,-1.4212,0.0131,0.3839,-0.96,0.9042,1.0,238.51804
390,3200395.0,private,2.0,8.7273,192.0,0.3409,1.0,22.0,1.0,0.7273,0.2727,0.0909,13.0,1.0,-1.4212,0.028,-1.0594,-0.8267,0.9042,65.35889,2458.98988
391,3200396.0,private,1.0,16.5641,646.0,0.4128,1.0,39.0,1.0,0.3718,0.6282,0.0513,43.0,2.0,-1.4212,-1.4551,-0.0956,0.2266,0.9042,3.09901,322.29678
392,3200398.0,public,3.0,18.8,799.0,0.0,,42.5,1.0,1.0,0.0235,0.0,23.0,0.0,-0.3123,-0.7828,0.1936,-0.1662,0.9042,19.1914,3260.7653
393,3200399.0,public,3.0,16.4706,560.0,0.1667,1.0,34.0,1.0,0.6176,0.3824,0.0,53.0,3.0,1.1897,1.872,1.0148,1.6299,-1.0542,7.0128,513.69899
394,3200400.0,private,1.0,15.0345,218.0,0.6061,1.0,14.5,1.0,0.8621,0.1379,0.0,33.0,1.0,-1.4212,-1.4551,-2.0719,-1.2356,0.3009,17.32124,572.63884
395,3200401.0,public,3.0,4.2353,72.0,0.3333,0.0,17.0,1.0,0.7059,0.2941,0.0,13.0,2.0,0.7681,-1.4551,0.7864,0.6488,0.1571,18.14814,289.09286
396,3200402.0,public,3.0,,1509.0,,,,,,,,28.0,2.0,1.22,0.028,0.2268,-0.8166,-1.5648,16.71677,1979.64828
397,3200403.0,private,2.0,9.037,244.0,0.6739,1.0,27.0,1.0,0.6481,0.3148,0.037,48.0,1.0,0.7889,0.43,-0.5654,1.1913,-0.1764,7.33043,376.23943
398,3200404.0,public,3.0,3.1977,833.0,0.7634,0.3,260.5,0.5566,0.2841,0.144,0.0154,23.0,1.0,0.1,0.028,-0.9505,-1.2943,0.3009,3.04044,423.79833
399,3200405.0,public,3.0,7.0857,248.0,0.1176,0.5,35.0,1.0,0.5714,0.2857,0.1429,23.0,1.0,1.5147,-1.4551,0.2408,0.613,0.9042,11.92172,392.10853
400,3200406.0,private,2.0,13.3407,607.0,0.2157,1.0,45.5,1.0,0.2637,0.6044,0.0,53.0,1.0,0.1,-1.4551,-0.6033,-1.2356,0.1571,6.40886,652.59383
401,3200407.0,private,1.0,7.2727,160.0,0.6471,1.0,22.0,1.0,0.9091,0.0909,0.0,33.0,1.0,0.265,-1.4551,0.4028,-0.4289,0.9042,13.40422,632.40347
402,3200408.0,public,3.0,5.92,74.0,,,12.5,1.0,0.6,0.4,0.0,13.0,2.0,1.2048,0.7558,0.1273,0.6015,-0.1868,18.14814,131.78752
403,3200409.0,public,3.0,2.7857,78.0,0.0,,28.0,0.0,1.0,0.0,0.0,13.0,0.0,-0.3123,0.43,-0.3856,0.2266,-2.7894,86.59555,797.13064
404,3200410.0,private,2.0,12.3243,456.0,0.3947,1.0,37.0,1.0,0.4324,0.2568,0.0811,53.0,3.0,-1.4212,-1.4551,-0.4185,0.2397,0.9042,7.62959,569.10594
405,3200411.0,public,3.0,100.0,280.0,0.122,0.0,1.0,,,,1.0,28.0,1.0,1.6863,-0.0019,0.4715,1.1753,-1.0542,5.04115,97.07205
406,3200412.0,public,3.0,6.1667,74.0,,,12.0,0.4167,0.5833,0.0,0.0,13.0,0.0,1.6863,-0.614,-0.1282,0.9355,0.9042,346.38221,353.90292
407,3200413.0,public,3.0,,,,,60.0,0.0,0.0833,0.1667,0.0,43.0,1.0,2.9595,0.5859,-0.9505,0.8378,-1.0542,31.64246,2272.10016
408,3200414.0,public,3.0,3.9623,105.0,0.3125,1.0,26.5,1.0,0.8868,0.0755,0.0566,13.0,0.0,2.9595,-0.614,2.3161,1.6299,0.287,87.11143,1337.39271
409,3200415.0,public,3.0,12.1,1210.0,0.3158,1.0,100.0,1.0,,0.5,0.3,53.0,2.0,-0.949,-0.2968,0.9876,0.2397,0.9042,2.43562,364.28595
410,3200416.0,public,3.0,3.1571,221.0,0.0,,70.0,,0.2857,0.5,0.0286,33.0,0.0,0.4925,1.0744,0.5029,0.4883,-1.4581,73.32179,1828.28709
411,3200417.0,public,3.0,6.6232,457.0,0.274,0.5,69.0,1.0,0.7609,0.2391,0.0652,23.0,1.0,1.2478,-0.7828,2.0825,1.6929,-0.1764,32.07828,1710.38068
412,3200418.0,public,3.0,7.104,444.0,0.0,,62.5,,,0.12,0.024,53.0,2.0,1.9315,1.2805,1.0941,1.4533,-1.9375,42.34583,2814.12847
413,3200419.0,public,3.0,14.75,590.0,0.0083,0.0,40.0,,,,0.75,33.0,3.0,0.4186,-0.3265,0.4781,0.1875,-0.5083,2.91369,346.13248
414,3200420.0,public,3.0,,1447.0,,,,,,,,28.0,1.0,0.7566,-0.3163,0.8153,0.6101,-0.061,14.80049,2367.96536
415,3200421.0,public,3.0,3.8125,183.0,,,48.0,,,,,33.0,2.0,1.6863,0.531,1.1729,0.5642,-1.0542,8.58358,244.77416
416,3200422.0,public,3.0,5.0468,593.0,1.0935,1.0,117.5,1.0,0.2213,0.1574,0.0,48.0,0.0,0.0969,-0.2968,-0.4515,1.6277,0.9042,19.34778,2076.88892
417,3200423.0,private,,,,,,,,,,,,,,,,,,4.18882,417.87362
418,3200424.0,public,3.0,8.8333,159.0,0.0,,18.0,1.0,0.9722,0.0278,0.0556,28.0,3.0,1.2478,-0.614,-0.7293,-1.2356,0.9042,9.07407,240.71927
419,3200425.0,private,2.0,14.5614,415.0,0.5263,1.0,28.5,1.0,0.2632,0.7368,0.1404,53.0,1.0,-0.1018,-0.5869,-3.3785,-0.2377,-0.1764,4.54238,228.63722
420,3200426.0,private,2.0,9.7714,171.0,1.0,0.1333,17.5,0.0,0.0,0.0857,0.0571,13.0,2.0,0.3066,-0.3265,0.0383,-0.1758,0.3009,9.47411,178.84253
421,3200427.0,private,1.0,21.0,651.0,0.211,1.0,31.0,0.0,0.4839,0.4839,0.0323,53.0,0.0,-0.6344,-0.614,-1.173,0.613,0.1571,5.93413,629.01743
422,3200428.0,public,3.0,3.0248,1588.0,0.08,1.0,525.0,1.0,0.7143,0.1143,0.0,28.0,0.0,1.9733,0.8242,0.6527,1.9913,-1.585,1.62959,419.32964
423,3200430.0,public,3.0,13.8571,485.0,0.8621,0.0,35.0,1.0,0.2857,0.5714,0.1429,53.0,0.0,-0.4447,-0.1776,1.383,-0.4697,-0.3006,35.93349,2848.67971
424,3200431.0,private,2.0,10.7692,420.0,0.1235,1.0,39.0,1.0,0.2564,0.359,0.1154,53.0,1.0,1.9695,-0.4314,0.6712,0.6854,0.9042,34.80148,2385.50389
425,3200432.0,public,3.0,11.1059,944.0,0.4895,0.4286,85.0,1.0,0.6353,0.3471,0.0176,53.0,1.0,1.2478,0.2633,0.4781,0.8378,-1.0542,3.79516,552.21113
426,3200433.0,private,2.0,33.2603,1214.0,0.6167,1.0,36.5,1.0,0.7397,0.2603,,53.0,2.0,-1.4212,-1.4551,-1.1906,-0.8166,-1.0542,3.62082,812.09021
427,3200434.0,public,3.0,16.2778,293.0,0.0,,18.0,1.0,1.0,0.0,0.0,48.0,2.0,1.2911,-1.4551,-1.4335,-0.0452,0.3009,5.77441,263.77381
428,3200435.0,public,3.0,,494.0,0.4444,1.0,,,,,,33.0,2.0,1.6863,0.2633,3.441,3.7879,-1.0542,7.08987,574.85517
429,3200436.0,private,,11.7073,480.0,0.3247,1.0,41.0,1.0,0.0976,0.122,0.0122,53.0,1.0,-0.949,-1.4551,0.2092,-2.0409,0.9042,37.04339,2454.85306
430,3200437.0,public,3.0,,,,,31.0,1.0,,,,13.0,,-0.1445,-0.016,-0.7293,-0.871,-2.436,18.14814,134.30918
431,3200438.0,private,2.0,16.1224,395.0,0.0658,1.0,24.5,1.0,0.4286,0.5714,0.0816,33.0,1.0,-1.4212,-1.4551,-1.0762,-0.1662,0.9042,5.26339,331.59379
432,3200439.0,public,3.0,5.8771,861.0,0.0,,146.5,0.0,0.6826,0.314,0.0137,28.0,1.0,0.4698,0.3545,0.6121,0.5004,0.3009,16.72233,2413.36513
433,3200440.0,private,2.0,,299.0,0.2576,1.0,,,,,,33.0,0.0,-1.4212,-1.4551,-1.6103,1.1035,0.9042,9.19897,480.88769
434,3200441.0,public,3.0,,389.0,,,,,,,,28.0,1.0,0.4399,0.21,0.577,0.1411,,7.96516,362.44782
435,3200442.0,private,2.0,20.3667,611.0,0.1667,1.0,30.0,1.0,0.8333,0.1667,0.0,53.0,1.0,-1.4212,-1.4551,-0.899,0.6101,-1.0238,28.81153,2932.62737
436,3200443.0,public,3.0,11.3864,1002.0,1.0,0.0,88.0,1.0,1.0,0.0568,0.0057,33.0,2.0,1.9315,1.4312,2.61,2.5251,-1.8358,24.86538,3466.00872
437,3200444.0,public,3.0,3.355,671.0,0.1136,0.5,200.0,1.0,0.9,0.1,0.0,53.0,0.0,2.1284,0.0131,0.6121,0.6101,0.9042,35.08867,2225.13225
438,3200445.0,public,3.0,5.2405,414.0,0.1241,1.0,79.0,0.0506,0.5253,0.4114,0.0633,43.0,1.0,-0.3123,-0.482,-0.6744,-0.5488,-1.0542,39.5961,1693.91354
439,3200446.0,private,2.0,8.1296,439.0,0.3896,1.0,54.0,0.9259,0.7778,0.2222,0.0556,28.0,1.0,0.1,0.9728,0.1795,1.6299,-0.4859,3.66522,297.37107
440,3200447.0,public,3.0,13.9294,1184.0,0.1313,0.7353,85.0,1.0,0.7882,0.2118,0.0294,38.0,1.0,-0.1445,-0.614,1.0148,0.9028,-1.2301,16.49448,2379.13727
441,3200448.0,public,3.0,3.6364,120.0,0.0256,1.0,33.0,1.0,,1.0,0.6061,38.0,2.0,2.8868,0.122,-1.0431,-1.2356,0.9042,74.62714,1023.01519
442,3200449.0,public,3.0,19.9615,519.0,,,26.0,1.0,0.0385,1.0,0.0769,53.0,1.0,0.8339,0.6924,1.0148,0.913,-0.4859,22.7883,1872.30045
443,3200450.0,private,2.0,6.8605,295.0,0.1395,1.0,43.0,1.0,0.4419,0.5581,0.0233,43.0,1.0,1.0245,0.5116,0.8153,0.9054,-0.6263,11.44439,400.45926
444,3200451.0,public,3.0,7.4977,806.0,0.4828,0.3571,107.5,1.0,0.893,0.1442,0.0093,53.0,0.0,-0.1413,-0.2968,0.6654,0.5642,-0.1868,2.25243,199.8672
445,3200452.0,private,3.0,,287.0,0.3279,1.0,,,,,,53.0,3.0,0.2681,-0.5869,-1.4335,-0.4289,0.1571,10.19886,637.1793
446,3200453.0,public,3.0,3.7286,522.0,0.0833,1.0,140.0,0.3571,0.3571,,0.0357,53.0,0.0,0.4292,2.4895,-0.2686,1.8674,0.9042,21.03494,2269.79354
447,3200454.0,private,,,,,,,,,,,,,,,,,,8.85184,293.35395
448,3200455.0,private,2.0,7.9333,119.0,1.0,1.0,15.0,1.0,0.7333,0.2667,0.0,23.0,2.0,-1.4212,-1.4551,-0.1936,-0.1662,-0.4859,13.40422,348.31987
449,3200456.0,public,3.0,,1017.0,0.08,1.0,,,,,,33.0,2.0,-0.4526,0.122,0.4028,1.6043,-1.0695,1.0,154.9391
450,3200457.0,private,1.0,13.8644,409.0,0.0,,29.5,1.0,0.8644,0.1356,0.0,28.0,0.0,0.4591,-1.4551,-1.6198,-0.9138,-0.4859,32.09666,1808.05742
451,3200458.0,public,3.0,2.7846,181.0,,,65.0,1.0,0.7385,0.2615,0.0,13.0,1.0,1.6863,0.902,0.8544,1.1913,0.9042,87.11143,2514.91996
452,3200459.0,public,3.0,13.3333,380.0,0.4017,0.0,28.5,1.0,0.7719,0.2281,0.0877,33.0,0.0,-0.6483,0.2964,0.3373,0.5642,0.9042,4.02016,160.76945
453,3200460.0,public,3.0,11.2444,759.0,0.3727,1.0,67.5,0.9778,0.6667,0.3111,0.0296,23.0,3.0,1.2478,1.3635,0.0921,1.6299,-1.0542,22.91306,1489.65394
454,3200461.0,public,3.0,5.2973,392.0,1.0,0.0,74.0,1.0,0.9054,0.027,0.0676,28.0,1.0,-1.4212,1.3405,-0.0155,1.4533,0.9042,35.74399,1785.49924
